Activity ID,Activity Date,Activity Name,Elapsed Time,Distance,Relative Effort,Filename,Average Heart Rate,Is_Favorite
19124286193,Jun 30 2026 12:51:33 PM,Morning Run,4877,11.52,213,activities/20239971114.fit.gz,139,
19111052346,Jun 29 2026 1:02:23 PM,Morning Run,5075,11.87,205,activities/20226537077.fit.gz,137,
19098658663,Jun 28 2026 12:02:33 PM,Morning Run,4892,11.34,171,activities/20213900812.fit.gz,135,
19086386476,Jun 27 2026 11:38:07 AM,Morning Run,8114,17.76,316,activities/20201393125.fit.gz,137,
19062473677,Jun 25 2026 1:04:39 PM,Morning Run,5000,12.02,226,activities/20177106605.fit.gz,140,
19035851809,Jun 23 2026 12:10:58 PM,Morning Run,4902,11.5,208,activities/20150102825.fit.gz,138,
19022846160,Jun 22 2026 1:01:34 PM,Morning Run,5577,13.13,212,activities/20136930904.fit.gz,136,
19010554945,Jun 21 2026 12:29:46 PM,Morning Run,3556,8.51,131,activities/20124411601.fit.gz,136,
18997667864,Jun 20 2026 11:32:33 AM,Morning Run,9243,21.15,471,activities/20111291526.fit.gz,143,
18972281433,Jun 18 2026 12:44:27 PM,Morning Run,5665,13.15,242,activities/20085532377.fit.gz,139,
18943812952,Jun 16 2026 12:49:24 PM,Morning Run,4528,10.71,160,activities/20056676012.fit.gz,135,
18929681164,Jun 15 2026 12:58:52 PM,Morning Run,4623,10.63,150,activities/20042352701.fit.gz,134,
18917340125,Jun 14 2026 12:05:39 PM,Morning Run,4041,8.44,88,activities/20029812079.fit.gz,126,
18904538230,Jun 13 2026 1:06:51 PM,"Bethany, CT",1643,4.86,135,activities/20016801164.fit.gz,171,1
18904530238,Jun 13 2026 11:26:55 AM,Morning Run,3126,6.87,139,activities/20016793029.fit.gz,140,
18878060124,Jun 11 2026 11:36:47 AM,Morning Run,5069,11.74,291,activities/19989912961.fit.gz,148,
18851323837,Jun 9 2026 12:52:41 PM,Morning Run,5871,13.19,166,activities/19962740414.fit.gz,130,
18836135995,Jun 8 2026 11:16:14 AM,Morning Run,4457,10.38,162,activities/19947286052.fit.gz,136,
18824063689,Jun 7 2026 12:00:01 PM,Morning Run,3822,8.39,112,activities/19934978631.fit.gz,131,
18810417080,Jun 6 2026 11:55:13 AM,Morning Run,6509,15.56,319,activities/19921075250.fit.gz,142,
18782914225,Jun 4 2026 10:53:16 AM,Morning Run,4996,11.59,173,activities/19893064973.fit.gz,135,
18754861369,Jun 2 2026 10:52:20 AM,Morning Run,4679,11.47,220,activities/19864532095.fit.gz,141,
18741423102,Jun 1 2026 11:33:04 AM,Morning Run,4888,11.97,228,activities/19850831089.fit.gz,141,
18729311240,May 31 2026 12:20:22 PM,Morning Run,3686,8.48,99,activities/19838475903.fit.gz,130,
18715117882,May 30 2026 10:56:02 AM,Morning Run,6722,14.69,165,activities/19823996006.fit.gz,128,
18688239102,May 28 2026 10:50:54 AM,Morning Run,4490,11.46,245,activities/19796636064.fit.gz,146,
18661740402,May 26 2026 12:58:59 PM,Morning Run,4648,11.02,182,activities/19769644972.fit.gz,137,
18648570010,May 25 2026 12:50:36 PM,Morning Run,5651,12.9,174,activities/19756222673.fit.gz,132,
18621607174,May 23 2026 10:53:01 AM,Morning Run,9032,21.21,388,activities/19728668738.fit.gz,139,
18608008934,May 22 2026 11:51:38 AM,Morning Run,3681,8.94,128,activities/19714792550.fit.gz,135,
18595900638,May 21 2026 12:57:24 PM,Morning Run,5436,13.34,238,activities/19702462866.fit.gz,139,
18568944940,May 19 2026 12:50:54 PM,Morning Run,5261,11.9,245,activities/19675161058.fit.gz,141,
18553954726,May 18 2026 10:56:59 AM,Morning Run,4588,10.67,213,activities/19660045527.fit.gz,141,
18543035931,May 17 2026 11:40:23 AM,Morning Run,5315,12,186,activities/19648969269.fit.gz,135,
18528987866,May 16 2026 11:08:37 AM,Morning Run,5805,13.21,181,activities/19634724684.fit.gz,133,
18515819546,May 15 2026 10:58:31 AM,Morning Run,3599,7.87,91,activities/19621420809.fit.gz,128,
18504645164,May 14 2026 12:57:30 PM,Morning Run,3887,8.86,104,activities/19610155038.fit.gz,129,
18477201162,May 12 2026 12:43:04 PM,Morning Run,3195,7.18,87,activities/19582492149.fit.gz,130,
18452883609,May 10 2026 12:33:47 PM,Morning Run,3702,8.48,114,activities/19557941255.fit.gz,132,
18438312695,May 9 2026 12:01:34 PM,Morning Run,3085,7.09,81,activities/19543170928.fit.gz,129,
18426903590,May 8 2026 12:13:51 PM,Morning Run,3168,7.14,101,activities/19531637049.fit.gz,133,
18412066973,May 7 2026 12:40:54 PM,Morning Ride,1288,0,21,activities/19516672793.fit.gz,120,
18385805256,May 5 2026 12:50:34 PM,Morning Run,4441,10.36,173,activities/19490228066.fit.gz,137,
18372576586,May 4 2026 12:59:07 PM,Morning Run,5202,11.9,180,activities/19476886032.fit.gz,135,
18359843017,May 3 2026 12:21:50 PM,Morning Run,3704,8.44,121,activities/19463999901.fit.gz,134,
18347005207,May 2 2026 11:40:10 AM,Morning Run,9045,21.26,500,activities/19450962356.fit.gz,146,
18333086945,May 1 2026 12:32:49 PM,Morning Run,4109,9.69,177,activities/19436860719.fit.gz,139,
18319775007,Apr 30 2026 1:00:58 PM,Morning Run,5138,11.93,216,activities/19423421152.fit.gz,139,
18306846069,Apr 29 2026 12:40:07 PM,Morning Run,6567,15.02,330,activities/19410407201.fit.gz,143,
18266433231,Apr 26 2026 12:15:07 PM,Morning Run,4717,10.37,153,activities/19369662432.fit.gz,134,
18252930732,Apr 25 2026 11:39:22 AM,Morning Run,9059,21.16,467,activities/19355980800.fit.gz,143,
18226215472,Apr 23 2026 12:39:34 PM,Morning Run,5643,13.23,251,activities/19329027871.fit.gz,140,
18197547239,Apr 21 2026 11:52:45 AM,Morning Run,5294,13.15,238,activities/19300191869.fit.gz,140,
18185211550,Apr 20 2026 12:55:03 PM,Morning Run,5031,11.86,164,activities/19287788468.fit.gz,134,
18172341407,Apr 19 2026 12:04:31 PM,Morning Run,4538,10.37,125,activities/19274772301.fit.gz,130,
18159213403,Apr 18 2026 11:44:52 AM,Morning Run,9104,21.18,348,activities/19261467784.fit.gz,137,
18132424131,Apr 16 2026 12:42:25 PM,Morning Run,5724,13.29,316,activities/19234458721.fit.gz,145,
18105113014,Apr 14 2026 12:45:17 PM,Morning Run,5312,11.88,227,activities/19206960195.fit.gz,139,
18091773227,Apr 13 2026 1:02:56 PM,Morning Run,4438,10.38,170,activities/19193551840.fit.gz,137,
18081418078,Apr 12 2026 12:30:46 PM,"Cheshire, CT",8933,21.66,611,activities/19183055527.fit.gz,157,1
18067076560,Apr 11 2026 12:48:37 PM,Morning Run,3017,7.1,108,activities/19168532254.fit.gz,136,
18041578552,Apr 9 2026 12:57:53 PM,Morning Run,5563,13.12,242,activities/19142813787.fit.gz,139,
18013773018,Apr 7 2026 1:02:43 PM,Morning Run,5313,13.29,297,activities/19114604414.fit.gz,147,
18000475386,Apr 6 2026 12:46:26 PM,Morning Run,4745,11.9,230,activities/19101113003.fit.gz,142,
17987759511,Apr 5 2026 12:20:07 PM,Morning Run,3835,8.43,121,activities/19088270804.fit.gz,133,
17975788490,Apr 4 2026 11:42:46 AM,Morning Run,9415,21.22,442,activities/19076155799.fit.gz,141,
17950510272,Apr 2 2026 12:48:16 PM,Morning Run,5400,13.3,247,activities/19050670415.fit.gz,141,
17925611164,Mar 31 2026 1:06:29 PM,Morning Run,5174,11.94,224,activities/19025607457.fit.gz,140,
17912959207,Mar 30 2026 1:01:10 PM,Morning Run,5865,13.26,202,activities/19012881595.fit.gz,134,
17901729351,Mar 29 2026 12:43:13 PM,Morning Run,4576,10.39,161,activities/19001502860.fit.gz,136,
17889357316,Mar 28 2026 11:57:35 AM,Morning Run,9030,21.22,484,activities/18988978833.fit.gz,144,
17866518184,Mar 26 2026 12:44:57 PM,Morning Run,5541,13.25,289,activities/18966078494.fit.gz,144,
17841121494,Mar 24 2026 1:06:38 PM,Morning Run,5620,13.34,196,activities/18940579410.fit.gz,135,
17828055218,Mar 23 2026 12:53:09 PM,Morning Run,4928,11.44,177,activities/18927473380.fit.gz,136,
17816247448,Mar 22 2026 12:15:06 PM,Morning Run,4660,10.38,159,activities/18915549825.fit.gz,135,
17804138853,Mar 21 2026 12:06:12 PM,Morning Run,9587,22.27,543,activities/18903287600.fit.gz,146,
17779605534,Mar 19 2026 12:51:41 PM,Morning Run,5604,13.27,265,activities/18878578815.fit.gz,141,
17754549427,Mar 17 2026 12:48:00 PM,Morning Run,5534,13.23,250,activities/18853422427.fit.gz,141,
17742600630,Mar 16 2026 1:24:21 PM,Morning Run,3874,8.88,134,activities/18841450636.fit.gz,135,
17732152463,Mar 15 2026 12:55:31 PM,Morning Run,4531,10.35,129,activities/18830903140.fit.gz,131,
17720331693,Mar 14 2026 12:10:29 PM,Morning Run,9511,22.25,459,activities/18818954986.fit.gz,142,
17697325887,Mar 12 2026 12:50:59 PM,Morning Run,5512,13.33,277,activities/18795815869.fit.gz,143,
17673162270,Mar 10 2026 1:23:10 PM,Morning Run,5278,13.08,259,activities/18771563227.fit.gz,143,
17660589327,Mar 9 2026 12:53:28 PM,Morning Run,5128,12.19,175,activities/18758928708.fit.gz,135,
17649497635,Mar 8 2026 1:13:23 PM,Morning Run,4685,10.51,172,activities/18747729161.fit.gz,136,
17637565767,Mar 7 2026 12:51:30 PM,Morning Run,9237,21.21,510,activities/18735670836.fit.gz,145,
17625244051,Mar 6 2026 1:35:27 PM,Morning Run,4588,10.38,174,activities/18723215842.fit.gz,137,
17588926744,Mar 3 2026 1:48:23 PM,Morning Run,5048,11.17,142,activities/18686820791.fit.gz,130,
17577343780,Mar 2 2026 2:40:04 PM,Morning Run,5416,13.1,215,activities/18675201262.fit.gz,138,
17564774810,Mar 1 2026 11:55:34 AM,Morning Run,4654,10.42,143,activities/18662514901.fit.gz,132,
17554216873,Feb 28 2026 12:46:47 PM,Morning Run,9526,22.08,549,activities/18651834490.fit.gz,147,
17531177032,Feb 26 2026 1:48:11 PM,Morning Run,5538,13.24,285,activities/18628667497.fit.gz,143,
17510558371,Feb 24 2026 7:10:52 PM,Afternoon Run,5087,12.01,231,activities/18607970309.fit.gz,140,
17495072104,Feb 23 2026 2:19:45 PM,Morning Run,3648,6.79,74,activities/18592444032.fit.gz,123,
17473587123,Feb 21 2026 12:58:16 PM,Morning Run,9127,21,490,activities/18570809296.fit.gz,144,
17461685174,Feb 20 2026 1:24:34 PM,Morning Run,4495,10.41,184,activities/18558854237.fit.gz,138,
17451185970,Feb 19 2026 1:45:53 PM,Morning Run,5720,13.39,249,activities/18548325682.fit.gz,139,
17428622462,Feb 17 2026 1:56:45 PM,Morning Run,5522,13.4,258,activities/18525709274.fit.gz,142,
17416737584,Feb 16 2026 1:57:13 PM,Morning Run,4765,11.19,191,activities/18513772934.fit.gz,138,
17406895501,Feb 15 2026 1:37:05 PM,Morning Run,4672,10.42,155,activities/18503870105.fit.gz,134,
17396331838,Feb 14 2026 1:02:59 PM,Morning Run,9723,22.29,509,activities/18493217447.fit.gz,144,
17384843024,Feb 13 2026 2:02:11 PM,Morning Run,3781,8.91,151,activities/18481657583.fit.gz,138,
17374406235,Feb 12 2026 1:49:11 PM,Morning Run,5661,13.39,284,activities/18471215581.fit.gz,143,
17351753769,Feb 10 2026 1:49:58 PM,Morning Run,5934,13.46,259,activities/18448485922.fit.gz,140,
17329291290,Feb 8 2026 1:01:01 PM,Morning Run,3694,6.93,66,activities/18425857411.fit.gz,121,
17307338556,Feb 6 2026 1:32:45 PM,Morning Run,8850,21.17,488,activities/18403644460.fit.gz,146,
17296014378,Feb 5 2026 1:48:39 PM,Morning Run,4278,9.81,137,activities/18392227152.fit.gz,133,
17284657566,Feb 4 2026 1:47:31 PM,Morning Run,5073,11.94,237,activities/18380784968.fit.gz,141,
17273124799,Feb 3 2026 2:26:32 PM,Morning Run,5515,13.3,262,activities/18369211312.fit.gz,141,
17254489309,Feb 1 2026 7:25:38 PM,Afternoon Run,5521,13.25,272,activities/18350409800.fit.gz,142,
17239084969,Jan 31 2026 1:13:32 PM,Morning Run,5589,13.42,243,activities/18334830386.fit.gz,139,
17217994531,Jan 29 2026 2:25:59 PM,Morning Run,5524,13.28,264,activities/18313592887.fit.gz,141,
17194836838,Jan 27 2026 2:27:56 PM,Morning Run,4454,10.88,189,activities/18290322757.fit.gz,139,
17187493096,Jan 26 2026 8:45:52 PM,Afternoon Run,3942,6.78,29,activities/18282917163.fit.gz,113,
17150763156,Jan 23 2026 1:55:12 PM,Morning Run,5480,13.24,245,activities/18245846902.fit.gz,140,
17140584271,Jan 22 2026 2:45:57 PM,Morning Run,7391,17.3,339,activities/18235605821.fit.gz,141,
17128223506,Jan 21 2026 1:50:51 PM,Morning Run,4689,11.9,258,activities/18223141697.fit.gz,146,
17105083548,Jan 19 2026 3:02:48 PM,Morning Run,5322,12.01,164,activities/18199874989.fit.gz,132,
17097804645,Jan 18 2026 6:58:24 PM,Afternoon Run,6366,15.61,400,activities/18192519049.fit.gz,151,
17082147862,Jan 17 2026 1:48:19 PM,Morning Run,4555,8.3,36,activities/18176644739.fit.gz,115,
17059748027,Jan 15 2026 1:58:04 PM,Morning Run,5360,13.25,272,activities/18154049899.fit.gz,144,
17035590754,Jan 13 2026 2:00:56 PM,Morning Run,5346,13.06,187,activities/18129735862.fit.gz,135,
17013280887,Jan 11 2026 12:18:22 PM,Morning Run,9340,22.28,462,activities/18107231001.fit.gz,144,
16991631241,Jan 9 2026 1:58:53 PM,Morning Run,5327,13.15,257,activities/18085270641.fit.gz,142,
16980078462,Jan 8 2026 1:58:48 PM,Morning Run,5019,12.02,211,activities/18073652235.fit.gz,138,
16957556466,Jan 6 2026 1:57:45 PM,Morning Run,5341,12.67,230,activities/18050932921.fit.gz,139,
16938841225,Jan 4 2026 7:15:50 PM,Afternoon Run,3706,8.71,140,activities/18032022327.fit.gz,137,
16924343690,Jan 3 2026 12:23:01 PM,Morning Run,9003,21.41,415,activities/18017350482.fit.gz,141,
16903966307,Jan 1 2026 1:46:51 PM,Morning Run,5783,14.5,279,activities/17996715248.fit.gz,142,
16885015894,Dec 30 2025 2:02:27 PM,Morning Run,5009,11.93,198,activities/17977435354.fit.gz,138,
16877892190,Dec 29 2025 8:13:22 PM,Afternoon Run,4199,10.4,224,activities/17970200622.fit.gz,145,
16853674200,Dec 27 2025 11:21:50 AM,"Playa del Carmen, Mexico",4009,8.62,112,activities/17945559823.fit.gz,130,1
16845503659,Dec 26 2025 12:27:07 PM,Morning Run,7905,17.07,329,activities/17937256108.fit.gz,140,
16837167242,Dec 25 2025 12:19:00 PM,Morning Run,5258,11.65,178,activities/17928729827.fit.gz,134,
16829756023,Dec 24 2025 12:27:29 PM,"Playa del Carmen, Mexico",5495,13,320,activities/17921175770.fit.gz,150,1
16820245089,Dec 23 2025 12:50:54 PM,Morning Run,3185,7.21,138,activities/17911548128.fit.gz,140,
16811239614,Dec 22 2025 12:13:50 PM,Morning Run,3576,7.86,172,activities/17902449617.fit.gz,142,
16804291402,Dec 21 2025 3:14:29 PM,Morning Run,3736,8.9,136,activities/17895419114.fit.gz,136,
16794095602,Dec 20 2025 12:14:43 PM,Morning Run,9514,22.22,493,activities/17885063116.fit.gz,144,
16777487402,Dec 18 2025 1:48:02 PM,Morning Run,5173,13.17,286,activities/17868205439.fit.gz,146,
16768109087,Dec 17 2025 1:49:26 PM,Morning Run,4768,11.93,283,activities/17858703204.fit.gz,149,
16759876906,Dec 16 2025 1:53:03 PM,Morning Run,5412,12.73,251,activities/17850403556.fit.gz,141,
16731781868,Dec 13 2025 12:21:25 PM,Morning Run,9457,22.13,439,activities/17821962599.fit.gz,141,
16722694057,Dec 12 2025 2:03:04 PM,Morning Run,3774,8.61,123,activities/17812745835.fit.gz,133,
16713937329,Dec 11 2025 1:58:48 PM,Morning Run,5393,12.65,233,activities/17803870147.fit.gz,140,
16704282337,Dec 10 2025 1:40:31 PM,Morning Run,5020,11.95,223,activities/17794119145.fit.gz,140,
16685210076,Dec 8 2025 1:56:43 PM,Morning Run,5184,11.91,160,activities/17774820069.fit.gz,132,
16676489435,Dec 7 2025 12:10:54 PM,Morning Run,9346,22.19,391,activities/17765941503.fit.gz,139,
16658583440,Dec 5 2025 3:50:40 PM,Morning Run,4465,10.5,111,activities/17747712429.fit.gz,128,
16648650722,Dec 4 2025 1:46:03 PM,Morning Run,4725,11.94,217,activities/17737621054.fit.gz,142,
16639234355,Dec 3 2025 1:47:31 PM,Morning Run,4790,11.95,191,activities/17728088321.fit.gz,137,
16623824555,Dec 1 2025 2:06:12 PM,Morning Run,4238,10.36,156,activities/17712444599.fit.gz,136,
16611000256,Nov 30 2025 1:11:28 PM,Morning Run,5406,12.01,133,activities/17699429386.fit.gz,127,
16600798338,Nov 29 2025 11:54:23 AM,Morning Run,8799,21.38,408,activities/17689012125.fit.gz,141,
16582646623,Nov 27 2025 1:29:34 PM,Morning Run,5609,13.27,243,activities/17670519687.fit.gz,139,
16572997597,Nov 26 2025 1:57:45 PM,Morning Run,5150,11.92,173,activities/17660711249.fit.gz,134,
16553272079,Nov 24 2025 2:04:11 PM,Morning Run,4466,11.93,229,activities/17640675676.fit.gz,146,
16544821615,Nov 23 2025 1:16:58 PM,Morning Run,5567,12.05,120,activities/17632108216.fit.gz,125,
16534189009,Nov 22 2025 11:55:48 AM,Morning Run,9652,22.21,456,activities/17621317248.fit.gz,142,
16515630254,Nov 20 2025 1:52:16 PM,Morning Run,5033,11.95,155,activities/17602528414.fit.gz,133,
16505635186,Nov 19 2025 1:44:32 PM,Morning Run,4543,11.97,248,activities/17592446327.fit.gz,149,
16485353771,Nov 17 2025 1:51:48 PM,Morning Run,4952,11.9,162,activities/17572038107.fit.gz,133,
16476488704,Nov 16 2025 1:14:20 PM,Morning Run,5261,11.99,144,activities/17563091712.fit.gz,129,
16465771968,Nov 15 2025 11:51:33 AM,Morning Run,9605,22.22,347,activities/17552230774.fit.gz,135,
16446806109,Nov 13 2025 1:50:21 PM,Morning Run,4956,11.89,161,activities/17533114184.fit.gz,134,
16436107644,Nov 12 2025 1:48:50 PM,Morning Run,4620,11.94,224,activities/17522360636.fit.gz,145,
16414741077,Nov 10 2025 1:52:44 PM,Morning Run,4992,11.9,175,activities/17500868702.fit.gz,135,
16405378562,Nov 9 2025 1:02:06 PM,Morning Run,5198,11.99,182,activities/17491415066.fit.gz,135,
16394299705,Nov 8 2025 11:46:34 AM,Morning Run,9317,22.28,508,activities/17480200025.fit.gz,145,
16375028862,Nov 6 2025 1:43:37 PM,Morning Run,4648,11.95,236,activities/17460767084.fit.gz,146,
16352916213,Nov 4 2025 1:49:56 PM,Morning Run,4785,11.15,189,activities/17438529235.fit.gz,139,
16342188685,Nov 3 2025 1:54:45 PM,Morning Run,5115,11.92,159,activities/17427747822.fit.gz,133,
16332927839,Nov 2 2025 12:44:10 PM,Morning Run,5145,11.99,152,activities/17418307911.fit.gz,131,
16321731202,Nov 1 2025 11:21:43 AM,Morning Run,9449,22.34,463,activities/17406833670.fit.gz,143,
16302667669,Oct 30 2025 12:53:54 PM,Morning Run,5126,11.95,162,activities/17387541694.fit.gz,133,
16292424199,Oct 29 2025 12:22:13 PM,Morning Run,4877,12.04,203,activities/17377212532.fit.gz,139,
16271646752,Oct 27 2025 12:58:47 PM,Morning Run,4372,11.95,241,activities/17356286622.fit.gz,150,
16262640126,Oct 26 2025 12:29:16 PM,Morning Run,5134,11.98,157,activities/17347145142.fit.gz,132,
16251885874,Oct 25 2025 11:15:49 AM,Morning Run,9278,22.23,425,activities/17336227845.fit.gz,141,
16232479712,Oct 23 2025 12:59:47 PM,Morning Run,4455,10.45,136,activities/17316681513.fit.gz,132,
16222332571,Oct 22 2025 1:02:21 PM,Morning Run,4526,11.92,265,activities/17306471024.fit.gz,151,
16201241164,Oct 20 2025 12:59:37 PM,Morning Run,5110,11.52,127,activities/17285269005.fit.gz,128,
16191822824,Oct 19 2025 12:27:11 PM,Morning Run,5356,12.03,126,activities/17275767088.fit.gz,126,
16180550189,Oct 18 2025 11:08:32 AM,Morning Run,9240,22.24,479,activities/17264322956.fit.gz,144,
16159455144,Oct 16 2025 11:52:35 AM,Morning Run,4010,10.68,221,activities/17243032504.fit.gz,148,
16148758625,Oct 15 2025 11:46:26 AM,Morning Run,5064,11.99,157,activities/17232240954.fit.gz,133,
16138694609,Oct 14 2025 1:27:34 PM,Morning Run,4660,11.96,241,activities/17222097944.fit.gz,146,
16118002849,Oct 12 2025 12:44:38 PM,Morning Run,5514,12.01,117,activities/17201160610.fit.gz,125,
16106668523,Oct 11 2025 11:07:52 AM,Morning Run,9606,22.22,363,activities/17189662584.fit.gz,137,
16085846951,Oct 9 2025 12:51:52 PM,Morning Run,5023,11.93,148,activities/17168639365.fit.gz,131,
16075094553,Oct 8 2025 12:48:17 PM,Morning Run,4671,11.85,240,activities/17157788478.fit.gz,145,
16052114791,Oct 6 2025 12:53:42 PM,Morning Run,4707,10.52,122,activities/17134599881.fit.gz,128,
16042036248,Oct 5 2025 10:59:43 AM,Morning Run,9256,21.21,372,activities/17124364093.fit.gz,138,
16031657104,Oct 4 2025 2:32:01 PM,"Woodbridge, CT",1507,5.07,136,activities/17113819469.fit.gz,176,1
16031656856,Oct 4 2025 1:00:56 PM,Morning Run,3156,7.08,102,activities/17113819203.fit.gz,133,
16009940786,Oct 2 2025 12:47:24 PM,Morning Run,4832,11.5,123,activities/17091807290.fit.gz,128,
15998703094,Oct 1 2025 12:47:44 PM,Morning Run,4682,11.96,226,activities/17080430749.fit.gz,142,
15975728919,Sep 29 2025 12:55:19 PM,Morning Run,4490,11.86,257,activities/17057178046.fit.gz,152,
15965091757,Sep 28 2025 11:54:25 AM,Morning Run,5476,11.98,140,activities/17046313517.fit.gz,127,
15953297591,Sep 27 2025 10:53:25 AM,Morning Run,9273,22.32,413,activities/17034224972.fit.gz,140,
15932469547,Sep 25 2025 12:43:52 PM,Morning Run,5256,11.96,159,activities/17012927410.fit.gz,132,
15921037660,Sep 24 2025 11:46:54 AM,Morning Run,4819,11.97,256,activities/17001238388.fit.gz,147,
15898676093,Sep 22 2025 12:50:33 PM,Morning Run,4521,11.93,223,activities/16978335115.fit.gz,147,
15888727237,Sep 21 2025 12:23:10 PM,Morning Run,5583,12.07,100,activities/16968081301.fit.gz,122,
15876400526,Sep 20 2025 10:54:52 AM,Morning Run,9625,21.49,410,activities/16955384406.fit.gz,139,
15854434831,Sep 18 2025 12:45:42 PM,Morning Run,5650,11.95,125,activities/16932851716.fit.gz,124,
15842963607,Sep 17 2025 12:48:13 PM,Morning Run,5376,11.96,146,activities/16921093958.fit.gz,129,
15824478615,Sep 15 2025 12:51:15 PM,Morning Run,5619,11.96,122,activities/16902094014.fit.gz,124,
15809478747,Sep 14 2025 12:25:14 PM,Morning Run,5736,11.98,120,activities/16886461473.fit.gz,123,
15797286344,Sep 13 2025 11:01:17 AM,Morning Run,9405,22.23,496,activities/16873656278.fit.gz,144,
15777231544,Sep 11 2025 12:47:24 PM,Morning Run,5598,11.92,116,activities/16852449743.fit.gz,123,
15764403235,Sep 10 2025 12:50:20 PM,Morning Run,5490,11.98,114,activities/16838914325.fit.gz,123,
15741833705,Sep 8 2025 12:47:53 PM,Morning Run,5411,11.89,106,activities/16815106687.fit.gz,123,
15731114895,Sep 7 2025 2:10:55 PM,Morning Run,5744,11.99,120,activities/16803670587.fit.gz,123,
15717278232,Sep 6 2025 10:52:10 AM,Morning Run,10041,22.04,448,activities/16789029448.fit.gz,140,
15695297226,Sep 4 2025 12:49:32 PM,Morning Run,5760,11.98,102,activities/16765732009.fit.gz,121,
15683283524,Sep 3 2025 12:31:59 PM,Morning Run,5584,11.95,109,activities/16752738473.fit.gz,123,
15659833563,Sep 1 2025 12:32:21 PM,"New Haven, CT",7935,21.32,565,activities/16726626697.fit.gz,158,1
15648979272,Aug 31 2025 12:58:34 PM,Morning Run,2084,4.53,31,activities/16714644818.fit.gz,121,
15637744358,Aug 30 2025 12:29:06 PM,Morning Run,5531,11.97,123,activities/16702300649.fit.gz,126,
15626999508,Aug 29 2025 12:38:36 PM,Morning Run,4922,11.89,209,activities/16690447672.fit.gz,139,
15616564958,Aug 28 2025 12:49:07 PM,Morning Run,5659,12.66,157,activities/16679244499.fit.gz,130,
15592978546,Aug 26 2025 12:48:33 PM,Morning Run,5110,11.89,138,activities/16654095965.fit.gz,130,
15581415795,Aug 25 2025 12:59:56 PM,Morning Run,5805,13.4,179,activities/16641725785.fit.gz,133,
15570216364,Aug 24 2025 12:17:55 PM,Morning Run,5179,11.93,153,activities/16629591476.fit.gz,132,
15558154791,Aug 23 2025 10:51:16 AM,Morning Run,9576,22.23,404,activities/16616413897.fit.gz,139,
15536484779,Aug 21 2025 12:52:12 PM,Morning Run,5226,12.02,118,activities/16592088834.fit.gz,126,
15525020933,Aug 20 2025 12:54:07 PM,Morning Run,4673,11.99,189,activities/16579680455.fit.gz,138,
15501172350,Aug 18 2025 1:02:35 PM,Morning Run,5186,12.05,141,activities/16554331110.fit.gz,129,
15490164320,Aug 17 2025 11:58:52 AM,Morning Run,5740,12.03,128,activities/16542520790.fit.gz,125,
15478487231,Aug 16 2025 10:33:41 AM,Morning Run,10004,22.31,422,activities/16529959026.fit.gz,139,
15459987223,Aug 14 2025 12:52:39 PM,Morning Run,5563,12.03,176,activities/16510166256.fit.gz,133,
15445275811,Aug 13 2025 12:40:19 PM,Morning Run,4843,12.04,249,activities/16494488714.fit.gz,147,
15421534494,Aug 11 2025 12:51:13 PM,Morning Run,5134,12.16,195,activities/16469170188.fit.gz,137,
15411002510,Aug 10 2025 12:16:35 PM,Morning Run,5676,12.01,133,activities/16457833442.fit.gz,126,
15399179077,Aug 9 2025 10:54:34 AM,Morning Run,9392,22.27,414,activities/16445177722.fit.gz,140,
15375768791,Aug 7 2025 10:42:51 AM,Morning Run,4732,11.5,192,activities/16420207929.fit.gz,138,
15365439262,Aug 6 2025 12:55:14 PM,Morning Run,5454,12.39,153,activities/16409182657.fit.gz,130,
15352939051,Aug 5 2025 12:19:24 PM,Morning Run,5660,12.03,106,activities/16395883367.fit.gz,123,
15329563215,Aug 3 2025 10:20:58 AM,Morning Run,5408,11.52,120,activities/16370817968.fit.gz,125,
15318039117,Aug 2 2025 10:07:58 AM,"Town of Covert, NY",5621,13.45,199,activities/16358454956.fit.gz,136,1
15308221854,Aug 1 2025 11:40:59 AM,Morning Run,5344,12.67,158,activities/16347947663.fit.gz,132,
15298160865,Jul 31 2025 12:43:43 PM,Morning Run,5017,12.4,279,activities/16337184990.fit.gz,146,
15287056742,Jul 30 2025 1:00:11 PM,Morning Run,5171,12,222,activities/16325355510.fit.gz,139,
15263882759,Jul 28 2025 12:53:00 PM,Morning Run,5591,11.97,184,activities/16300645820.fit.gz,134,
15254216584,Jul 27 2025 1:09:53 PM,Morning Run,5652,12.15,127,activities/16290256216.fit.gz,125,
15242434774,Jul 26 2025 10:42:42 AM,Morning Run,9625,22.49,464,activities/16277661961.fit.gz,142,
15220306129,Jul 24 2025 10:56:47 AM,Morning Run,4434,11.99,255,activities/16253934450.fit.gz,150,
15210297442,Jul 23 2025 12:48:47 PM,Morning Run,5500,12.27,147,activities/16243248925.fit.gz,129,
15187376652,Jul 21 2025 1:12:24 PM,Morning Run,5100,11.9,195,activities/16218570316.fit.gz,137,
15177342849,Jul 20 2025 12:01:47 PM,Morning Run,6374,13.6,155,activities/16207499406.fit.gz,127,
15165554000,Jul 19 2025 10:42:54 AM,Morning Run,9229,22.9,469,activities/16194547892.fit.gz,143,
15143721200,Jul 17 2025 10:44:35 AM,Morning Run,5595,12.09,163,activities/16170579466.fit.gz,131,
15133309677,Jul 16 2025 11:46:00 AM,Morning Run,5354,11.98,180,activities/16159187387.fit.gz,135,
15111318212,Jul 14 2025 12:47:15 PM,Morning Run,5134,12.04,149,activities/16135201836.fit.gz,131,
15100858509,Jul 13 2025 12:06:32 PM,Morning Run,5542,12.11,134,activities/16123652712.fit.gz,126,
15089487188,Jul 12 2025 10:44:14 AM,Morning Run,9454,22.43,474,activities/16111147017.fit.gz,143,
15068736303,Jul 10 2025 12:41:31 PM,Morning Run,4394,11.92,250,activities/16088344288.fit.gz,150,
15057567738,Jul 9 2025 12:37:52 PM,Morning Run,5167,11.9,165,activities/16076325447.fit.gz,133,
15035531858,Jul 7 2025 12:49:47 PM,Morning Run,5300,11.95,151,activities/16052140741.fit.gz,131,
15025539648,Jul 6 2025 12:07:27 PM,Morning Run,5295,11.47,135,activities/16041040798.fit.gz,127,
15014998894,Jul 5 2025 10:51:01 AM,Morning Run,9355,22.77,500,activities/16029383024.fit.gz,144,
14994790886,Jul 3 2025 12:45:50 PM,Morning Run,5130,11.89,171,activities/16007015975.fit.gz,133,
14983705023,Jul 2 2025 11:48:33 AM,Morning Run,5035,11.53,194,activities/15994824594.fit.gz,137,
14962846965,Jun 30 2025 12:49:06 PM,Morning Run,5178,11.91,159,activities/15971949355.fit.gz,133,
14953166401,Jun 29 2025 12:10:48 PM,Morning Run,5490,11.92,142,activities/15961218834.fit.gz,127,
14942321852,Jun 28 2025 11:00:25 AM,Morning Run,9136,22.19,426,activities/15949296905.fit.gz,141,
14922275992,Jun 26 2025 12:44:06 PM,Morning Run,4387,11.97,249,activities/15927322920.fit.gz,150,
14911672554,Jun 25 2025 12:06:37 PM,Morning Run,5056,11.29,214,activities/15915837207.fit.gz,140,
14890843741,Jun 23 2025 12:49:53 PM,Morning Run,5287,11.53,197,activities/15893335641.fit.gz,137,
14881426010,Jun 22 2025 12:40:56 PM,Morning Run,4999,10.95,121,activities/15883029488.fit.gz,127,
14870450516,Jun 21 2025 10:53:37 AM,Morning Run,9422,22.3,458,activities/15871084509.fit.gz,143,
14850553383,Jun 19 2025 12:47:43 PM,Morning Run,5449,11.83,165,activities/15849465277.fit.gz,132,
14839158661,Jun 18 2025 12:46:10 PM,Morning Run,4153,11.48,264,activities/15837144102.fit.gz,156,
14817345464,Jun 16 2025 12:25:53 PM,Morning Run,5297,11.48,127,activities/15813671314.fit.gz,126,
14807723493,Jun 15 2025 10:57:33 AM,Morning Run,10435,23.35,375,activities/15803167370.fit.gz,136,
14790052260,Jun 13 2025 7:15:07 PM,Afternoon Run,5026,11.47,175,activities/15783993334.fit.gz,136,
14777399193,Jun 12 2025 1:11:28 PM,Morning Run,5294,11.49,160,activities/15770322528.fit.gz,132,
14765703242,Jun 11 2025 11:54:08 AM,Morning Run,4856,11.45,192,activities/15757721151.fit.gz,138,
14745076678,Jun 9 2025 12:59:28 PM,Morning Run,5732,11.85,117,activities/15735465959.fit.gz,124,
14734940380,Jun 8 2025 11:37:04 AM,Morning Run,9426,22.11,541,activities/15724473955.fit.gz,147,
14714155692,Jun 6 2025 12:15:15 PM,Morning Run,5476,12.02,163,activities/15701993482.fit.gz,132,
14704804574,Jun 5 2025 12:51:00 PM,Morning Run,5014,11.47,177,activities/15691913588.fit.gz,135,
14694269540,Jun 4 2025 12:44:56 PM,Morning Run,5084,11.49,149,activities/15680610791.fit.gz,131,
14683332097,Jun 3 2025 12:50:28 PM,Morning Run,5047,11.91,184,activities/15668887207.fit.gz,136,
14662360261,Jun 1 2025 11:06:25 AM,Morning Run,4951,11.42,147,activities/15646301985.fit.gz,132,
14652069668,May 31 2025 10:54:09 AM,Morning Run,10430,21.37,340,activities/15635225521.fit.gz,133,
14631650324,May 29 2025 12:46:35 PM,Morning Run,5146,11.51,145,activities/15613262752.fit.gz,130,
14620976234,May 28 2025 12:51:33 PM,Morning Run,4376,10.48,204,activities/15601831080.fit.gz,142,
14600547295,May 26 2025 12:38:34 PM,Morning Run,7252,15.4,233,activities/15579912224.fit.gz,134,
14590226626,May 25 2025 11:18:01 AM,Morning Run,5010,10.43,90,activities/15568703696.fit.gz,122,
14580171474,May 24 2025 10:51:25 AM,Morning Run,9500,21.32,318,activities/15557869854.fit.gz,134,
14564307050,May 22 2025 6:58:26 PM,Afternoon Run,4667,10.44,163,activities/15540740151.fit.gz,136,
14550306528,May 21 2025 11:52:11 AM,Morning Run,4645,11.45,170,activities/15525750939.fit.gz,136,
14539875278,May 20 2025 12:51:28 PM,Morning Run,4769,11.53,137,activities/15514605312.fit.gz,131,
14518824335,May 18 2025 11:11:08 AM,Morning Run,5486,11.95,141,activities/15491382922.fit.gz,127,
14508815335,May 17 2025 11:04:55 AM,Morning Run,10151,21.26,289,activities/15479906493.fit.gz,130,
14488831250,May 15 2025 12:54:33 PM,Morning Run,4646,11.54,268,activities/15458323564.fit.gz,149,
14478197557,May 14 2025 12:50:26 PM,Morning Run,4612,10.52,156,activities/15447026888.fit.gz,135,
14456293668,May 12 2025 12:46:05 PM,Morning Run,4656,11.49,166,activities/15423905111.fit.gz,136,
14446030336,May 11 2025 11:10:23 AM,Morning Run,4536,10.4,127,activities/15412966019.fit.gz,130,
14435698600,May 10 2025 11:03:47 AM,Morning Run,8519,21.24,408,activities/15402033512.fit.gz,142,
14416520253,May 8 2025 1:50:38 PM,Morning Run,4619,10.51,148,activities/15381783759.fit.gz,134,
14405516308,May 7 2025 12:44:06 PM,Morning Run,4327,11.46,245,activities/15370255869.fit.gz,150,
14385613179,May 5 2025 1:56:09 PM,Morning Run,4436,10.4,177,activities/15349398368.fit.gz,138,
14375440688,May 4 2025 12:08:28 PM,Morning Run,4693,10.35,121,activities/15338653232.fit.gz,128,
14364907511,May 3 2025 10:57:03 AM,Morning Run,9184,21.21,389,activities/15327553249.fit.gz,140,
14354534121,May 2 2025 12:30:02 PM,Morning Run,4465,9.9,127,activities/15316658204.fit.gz,131,
14332602243,Apr 30 2025 11:56:43 AM,Morning Run,3881,10.37,241,activities/15293685210.fit.gz,152,
14322579120,Apr 29 2025 1:00:32 PM,Morning Run,4599,10.41,151,activities/15283230996.fit.gz,134,
14302291497,Apr 27 2025 11:03:00 AM,Morning Run,8957,21.33,391,activities/15261980723.fit.gz,140,
14285276168,Apr 25 2025 7:35:32 PM,Afternoon Run,4654,10.38,148,activities/15244142036.fit.gz,133,
14272448217,Apr 24 2025 12:26:58 PM,Morning Run,3936,10.42,218,activities/15230735773.fit.gz,148,
14262711479,Apr 23 2025 12:51:08 PM,Morning Run,3929,8.94,119,activities/15220583007.fit.gz,132,
14252425446,Apr 22 2025 12:58:10 PM,Morning Run,4528,10.44,213,activities/15209868316.fit.gz,141,
14232624398,Apr 20 2025 11:44:33 AM,Morning Run,4201,10.41,222,activities/15189096863.fit.gz,145,
14223232143,Apr 19 2025 11:13:45 AM,Morning Run,9491,21.34,561,activities/15179247855.fit.gz,147,
14203785386,Apr 17 2025 12:47:10 PM,Morning Run,4415,9.94,143,activities/15158908324.fit.gz,134,
14194381340,Apr 16 2025 12:47:36 PM,Morning Run,4307,10.38,210,activities/15149113245.fit.gz,142,
14174723056,Apr 14 2025 12:46:08 PM,Morning Run,4484,9.97,135,activities/15128660653.fit.gz,132,
14166975608,Apr 13 2025 12:30:34 PM,"Cheshire, CT",8747,21.39,581,activities/15120518423.fit.gz,152,1
14155616011,Apr 12 2025 12:46:52 PM,Morning Run,3251,7.19,87,activities/15108583057.fit.gz,129,
14145905477,Apr 11 2025 12:31:33 PM,Morning Run,3742,8.91,131,activities/15098412326.fit.gz,135,
14136982138,Apr 10 2025 12:43:51 PM,Morning Run,4182,10.01,170,activities/15089102701.fit.gz,138,
14116913032,Apr 8 2025 12:54:53 PM,Morning Run,5018,10.56,185,activities/15068213819.fit.gz,136,
14087521209,Apr 5 2025 11:10:11 AM,Morning Run,9500,21.44,370,activities/15037451642.fit.gz,137,
14077987668,Apr 4 2025 12:30:56 PM,Morning Run,4993,11.46,167,activities/15027421597.fit.gz,134,
14062286974,Apr 2 2025 6:42:34 PM,Afternoon Run,4575,10.91,216,activities/15010900657.fit.gz,141,
14049655773,Apr 1 2025 2:43:47 PM,Morning Run,4594,11.49,213,activities/14997543813.fit.gz,141,
14030269640,Mar 30 2025 12:27:47 PM,Morning Run,4460,10.38,145,activities/14976733768.fit.gz,133,
14020440516,Mar 29 2025 11:14:04 AM,Morning Run,9791,21.65,369,activities/14966138010.fit.gz,136,
14011343654,Mar 28 2025 12:54:14 PM,Morning Run,4642,10.18,139,activities/14956337081.fit.gz,132,
14002319288,Mar 27 2025 12:50:01 PM,Morning Run,4956,11.44,172,activities/14946624073.fit.gz,135,
13982728711,Mar 25 2025 12:49:43 PM,Morning Run,4399,10.05,156,activities/14925683331.fit.gz,136,
13963939702,Mar 23 2025 11:44:03 AM,Morning Run,4787,10.41,118,activities/14905509287.fit.gz,127,
13954459595,Mar 22 2025 11:13:27 AM,Morning Run,9235,21.28,405,activities/14895302627.fit.gz,140,
13945269121,Mar 21 2025 12:35:41 PM,Morning Run,4869,11.43,210,activities/14885417902.fit.gz,139,
13926206846,Mar 19 2025 12:20:01 PM,Morning Run,3720,10.15,217,activities/14864808521.fit.gz,150,
13916811192,Mar 18 2025 12:59:38 PM,Morning Run,5046,12.1,208,activities/14854662314.fit.gz,138,
13898478176,Mar 16 2025 11:48:41 AM,Morning Run,4919,10.41,133,activities/14834720264.fit.gz,129,
13889490013,Mar 15 2025 11:35:40 AM,Morning Run,9080,21.52,489,activities/14824939911.fit.gz,144,
13880504789,Mar 14 2025 12:51:27 PM,Morning Run,4932,12.3,218,activities/14815176001.fit.gz,139,
13862046076,Mar 12 2025 12:52:27 PM,Morning Run,4527,11.29,226,activities/14795954776.fit.gz,144,
13843008742,Mar 10 2025 1:18:39 PM,Morning Run,5294,12.35,206,activities/14775422424.fit.gz,137,
13833412312,Mar 9 2025 11:51:00 AM,Morning Run,5010,11.82,183,activities/14764910458.fit.gz,136,
13823911138,Mar 8 2025 11:54:51 AM,Morning Run,8989,21.47,501,activities/14754587464.fit.gz,145,
13805899398,Mar 6 2025 1:43:39 PM,Morning Run,5341,12.23,235,activities/14735061553.fit.gz,140,
13787210078,Mar 4 2025 1:51:05 PM,Morning Run,5118,11.26,234,activities/14714859840.fit.gz,140,
13772608272,Mar 2 2025 7:39:44 PM,Afternoon Run,4285,8.88,160,activities/14698966614.fit.gz,136,
13760060925,Mar 1 2025 12:29:57 PM,Morning Run,9530,21.55,572,activities/14685297890.fit.gz,147,
13750799510,Feb 28 2025 1:36:15 PM,Morning Run,4473,10.84,188,activities/14675222547.fit.gz,139,
13732942638,Feb 26 2025 1:40:14 PM,Morning Run,2422,7.07,161,activities/14655859587.fit.gz,159,
13723614975,Feb 25 2025 1:58:10 PM,Morning Run,4705,10.5,179,activities/14645764370.fit.gz,137,
13706014100,Feb 23 2025 12:21:45 PM,Morning Run,8683,21.63,578,activities/14626585276.fit.gz,153,
13695406138,Feb 22 2025 12:12:42 PM,Morning Run,3962,9.95,221,activities/14615030280.fit.gz,146,
13678995487,Feb 20 2025 2:03:35 PM,Morning Run,4578,11.33,261,activities/14597097776.fit.gz,146,
13670106916,Feb 19 2025 1:57:21 PM,Morning Run,4222,10.34,218,activities/14587376524.fit.gz,143,
13633968073,Feb 15 2025 12:18:37 PM,Morning Run,7986,19.82,499,activities/14547781315.fit.gz,149,
13620121317,Feb 13 2025 7:29:31 PM,Afternoon Run,4426,10.44,199,activities/14532561496.fit.gz,140,
13611524531,Feb 12 2025 7:05:23 PM,Afternoon Run,3845,10.03,219,activities/14523187721.fit.gz,148,
13602737898,Feb 11 2025 7:18:32 PM,Afternoon Run,4116,10.48,233,activities/14513627978.fit.gz,148,
13586121476,Feb 9 2025 7:42:58 PM,Afternoon Run,4463,10.13,185,activities/14495380937.fit.gz,139,
13576612965,Feb 8 2025 8:00:43 PM,Afternoon Run,6670,16.18,425,activities/14484990973.fit.gz,151,
13566932583,Feb 7 2025 7:25:58 PM,Afternoon Run,3679,8.97,168,activities/14474402475.fit.gz,140,
13537663783,Feb 4 2025 1:52:19 PM,Morning Run,3765,9.05,187,activities/14442391211.fit.gz,142,
13523408385,Feb 2 2025 7:56:52 PM,Afternoon Run,3771,8.95,159,activities/14426723316.fit.gz,139,
13510124821,Feb 1 2025 12:20:46 PM,Morning Run,5904,14.53,355,activities/14412158976.fit.gz,148,
13503984114,Jan 31 2025 7:24:27 PM,Afternoon Run,3455,8.92,212,activities/14405496709.fit.gz,151,
13487376062,Jan 29 2025 7:53:47 PM,Afternoon Run,3618,8.9,209,activities/14387388669.fit.gz,146,
13474246676,Jan 28 2025 12:15:06 PM,Morning Run,3747,8.89,185,activities/14373162992.fit.gz,142,
13458002373,Jan 26 2025 12:42:32 PM,Morning Run,5216,11.78,210,activities/14355391957.fit.gz,138,
13451871516,Jan 25 2025 7:53:30 PM,Afternoon Run,3649,8.89,198,activities/14348691680.fit.gz,145,
13442589265,Jan 24 2025 7:42:20 PM,Afternoon Run,3704,8.94,196,activities/14338607590.fit.gz,145,
13432266544,Jan 23 2025 2:25:45 PM,Morning Run,3818,9.02,183,activities/14327422483.fit.gz,141,
13387635410,Jan 18 2025 12:19:56 PM,Morning Run,4994,12.41,283,activities/14279154277.fit.gz,147,
13370082754,Jan 16 2025 12:05:17 PM,Morning Run,3496,8.91,195,activities/14260220414.fit.gz,146,
13352065495,Jan 14 2025 12:12:18 PM,Morning Run,3511,8.93,232,activities/14240911809.fit.gz,154,
13334537380,Jan 12 2025 12:25:12 PM,Morning Run,4626,10.45,225,activities/14222065727.fit.gz,142,
13328504230,Jan 11 2025 7:48:56 PM,Afternoon Run,4045,9.46,238,activities/14215563121.fit.gz,148,
13316595221,Jan 10 2025 1:25:42 PM,Morning Run,3712,8.9,226,activities/14202802409.fit.gz,150,
13272711092,Jan 5 2025 12:27:03 PM,Morning Run,3962,8.49,146,activities/14155697848.fit.gz,136,
13263876036,Jan 4 2025 12:28:27 PM,Morning Run,3942,8.94,172,activities/14146154084.fit.gz,140,
13246144357,Jan 2 2025 12:30:53 PM,Morning Run,3186,7.16,166,activities/14127125039.fit.gz,144,
13231067294,Dec 31 2024 12:18:17 PM,Morning Run,3143,7.11,178,activities/14110712343.fit.gz,146,
13215887562,Dec 29 2024 12:38:16 PM,Morning Run,2088,4.61,78,activities/14094272293.fit.gz,136,
12757303810,Oct 27 2024 11:40:39 AM,Morning Run,4176,9.98,144,activities/13602426780.fit.gz,135,
12748981932,Oct 26 2024 11:17:00 AM,Morning Run,8041,21.27,518,activities/13593401021.fit.gz,151,
12725313348,Oct 23 2024 11:24:29 AM,Morning Run,5610,14.06,248,activities/13567863546.fit.gz,140,
12708410718,Oct 21 2024 11:39:11 AM,Morning Run,4761,12.36,251,activities/13549788107.fit.gz,144,
12694847536,Oct 19 2024 12:01:35 PM,"Hartford, CT",19249,42.86,1107,activities/13535121432.fit.gz,150,1
12677098932,Oct 17 2024 11:41:31 AM,Morning Run,3608,8.96,171,activities/13516083872.fit.gz,142,
12660637172,Oct 15 2024 11:15:12 AM,Morning Run,3652,8.92,131,activities/13498522685.fit.gz,136,
12646637809,Oct 13 2024 1:27:17 PM,Morning Run,5587,13.22,183,activities/13483428444.fit.gz,135,
12628738497,Oct 11 2024 11:15:47 AM,Morning Run,4524,11.17,176,activities/13464124120.fit.gz,137,
12621168410,Oct 10 2024 11:17:16 AM,Morning Run,4776,11.93,226,activities/13455984282.fit.gz,141,
12605227157,Oct 8 2024 11:23:28 AM,Morning Run,5014,13.19,286,activities/13439011032.fit.gz,145,
12590810907,Oct 6 2024 11:20:42 AM,Morning Run,11511,27.81,695,activities/13423574554.fit.gz,150,
12581472716,Oct 5 2024 2:31:07 PM,"Woodbridge, CT",1498,5.09,133,activities/13414415063.fit.gz,176,1
12564055390,Oct 3 2024 11:07:31 AM,Morning Run,3747,10.67,251,activities/13395738084.fit.gz,157,
12547702048,Oct 1 2024 11:03:05 AM,Morning Run,5482,13.87,304,activities/13378290238.fit.gz,145,
12532004958,Sep 29 2024 11:18:31 AM,Morning Run,3879,8.41,90,activities/13361462368.fit.gz,126,
12525365965,Sep 28 2024 11:14:05 AM,"Farmington Canal, CT",17025,37.74,901,activities/13354370418.fit.gz,146,1
12500319093,Sep 25 2024 11:12:27 AM,Morning Run,5581,13.84,214,activities/13327670498.fit.gz,137,
12491685193,Sep 24 2024 11:03:45 AM,Morning Run,5532,14.65,313,activities/13318483262.fit.gz,146,
12475543111,Sep 22 2024 11:20:56 AM,Morning Run,4645,10.38,126,activities/13301233876.fit.gz,129,
12468273618,Sep 21 2024 11:15:58 AM,"Farmington Canal, CT",15426,35.77,917,activities/13293448969.fit.gz,149,1
12450006628,Sep 19 2024 11:04:32 AM,Morning Run,5289,13.99,339,activities/13273918403.fit.gz,151,
12432322094,Sep 17 2024 11:03:24 AM,Morning Run,4931,13.87,334,activities/13255077292.fit.gz,155,
12416000572,Sep 15 2024 11:10:34 AM,Morning Run,4499,10.38,197,activities/13237614705.fit.gz,139,
12409215496,Sep 14 2024 11:11:56 AM,Morning Run,15127,33.78,829,activities/13230323238.fit.gz,146,
12391399732,Sep 12 2024 11:04:15 AM,Morning Run,5317,13.9,280,activities/13211179315.fit.gz,144,
12374336335,Sep 10 2024 11:01:29 AM,Morning Run,5352,13.82,282,activities/13192999071.fit.gz,144,
12359043558,Sep 8 2024 11:04:26 AM,Morning Run,11539,27.6,568,activities/13176654886.fit.gz,142,
12349030779,Sep 7 2024 11:21:20 AM,Morning Run,5244,11.91,153,activities/13165902197.fit.gz,131,
12332365352,Sep 5 2024 11:02:11 AM,Morning Run,5584,14.56,300,activities/13147877002.fit.gz,145,
12323712621,Sep 4 2024 11:02:18 AM,Morning Run,5559,13.82,257,activities/13138605183.fit.gz,141,
12308179275,Sep 2 2024 12:31:19 PM,"New Haven, CT",8434,21.43,533,activities/13121030058.fit.gz,152,1
12289009293,Aug 31 2024 11:08:55 AM,Morning Run,4993,12.21,210,activities/13100182761.fit.gz,139,
12272556114,Aug 29 2024 11:10:14 AM,Morning Run,5296,13.82,304,activities/13082993821.fit.gz,146,
12254718931,Aug 27 2024 11:00:33 AM,Morning Run,4790,12.13,241,activities/13063767466.fit.gz,142,
12239413663,Aug 25 2024 10:57:38 AM,Morning Run,12619,27.58,520,activities/13047825751.fit.gz,139,
12229737948,Aug 24 2024 11:15:07 AM,Morning Run,5540,11.88,161,activities/13037724658.fit.gz,131,
12213085319,Aug 22 2024 11:06:11 AM,Morning Run,4106,11.85,267,activities/13020399458.fit.gz,154,
12204495497,Aug 21 2024 11:04:30 AM,Morning Run,5184,12.24,164,activities/13011497359.fit.gz,133,
12195428551,Aug 20 2024 11:04:42 AM,Morning Run,4832,12.25,242,activities/13001740630.fit.gz,143,
12178778090,Aug 18 2024 11:03:03 AM,Morning Run,4642,9.94,123,activities/12983252667.fit.gz,129,
12171020571,Aug 17 2024 11:11:45 AM,Morning Run,9428,23.02,517,activities/12974583961.fit.gz,145,
12153466948,Aug 15 2024 11:06:21 AM,Morning Run,3786,10.88,246,activities/12953568348.fit.gz,155,
12145275576,Aug 14 2024 11:09:55 AM,Morning Run,5488,12.19,157,activities/12944955673.fit.gz,130,
12136305623,Aug 13 2024 11:09:10 AM,Morning Run,4804,12.1,276,activities/12935578122.fit.gz,146,
12120502940,Aug 11 2024 11:10:06 AM,Morning Run,10898,24.47,519,activities/12918976680.fit.gz,142,
12111010555,Aug 10 2024 11:08:14 AM,Morning Run,6222,13.28,206,activities/12908997866.fit.gz,134,
12102648049,Aug 9 2024 11:25:23 AM,Jog with my dog,1908,2.53,9,activities/12900210003.fit.gz,111,
12094536406,Aug 8 2024 11:09:20 AM,Morning Run,3736,10.89,268,activities/12891709003.fit.gz,162,
12085932352,Aug 7 2024 11:10:12 AM,Morning Run,4822,12.03,276,activities/12882714190.fit.gz,146,
12077017230,Aug 6 2024 11:22:08 AM,Morning Run,5292,12.17,237,activities/12873404659.fit.gz,140,
12060933987,Aug 4 2024 11:10:43 AM,Morning Run,10332,22.99,580,activities/12856547854.fit.gz,146,
12051498435,Aug 3 2024 11:17:59 AM,Morning Run,4660,10.46,199,activities/12846679568.fit.gz,139,
12043379902,Aug 2 2024 11:02:48 AM,Morning Run,5118,12.22,304,activities/12838211246.fit.gz,147,
12026887136,Jul 31 2024 11:08:30 AM,Morning Run,4247,11.34,317,activities/12821045278.fit.gz,162,
12018137512,Jul 30 2024 11:13:24 AM,Morning Run,3692,8.98,211,activities/12811968640.fit.gz,146,
12001902035,Jul 28 2024 11:15:44 AM,Morning Run,3968,8.94,147,activities/12795084716.fit.gz,136,
11993156473,Jul 27 2024 11:18:32 AM,Morning Run,2539,5.22,59,activities/12785956647.fit.gz,126,
11943736607,Jul 21 2024 11:31:24 AM,Morning Run,4930,12.06,197,activities/12734664462.fit.gz,138,
11935720277,Jul 20 2024 11:09:10 AM,Morning Run,9398,22.99,494,activities/12726313615.fit.gz,144,
11927042893,Jul 19 2024 11:08:47 AM,Morning Run,4907,12.28,212,activities/12717289034.fit.gz,140,
11910261155,Jul 17 2024 11:08:44 AM,Morning Run,5487,12.71,228,activities/12699899832.fit.gz,139,
11901757510,Jul 16 2024 11:56:14 AM,Morning Run,4227,10.95,255,activities/12691111073.fit.gz,149,
11886547577,Jul 14 2024 11:05:45 AM,Morning Run,8779,21.57,556,activities/12675344126.fit.gz,151,
11881120980,Jul 13 2024 7:27:45 PM,"Lake Chamberlain, CT",6343,13.25,310,activities/12669702971.fit.gz,143,1
11861791735,Jul 11 2024 11:23:55 AM,Morning Run,2998,8.92,191,activities/12649670134.fit.gz,158,
11853838676,Jul 10 2024 11:04:27 AM,Morning Run,5349,12.4,207,activities/12641446721.fit.gz,138,
11845577189,Jul 9 2024 11:03:54 AM,Morning Run,5234,12.94,287,activities/12632921064.fit.gz,145,
11830143207,Jul 7 2024 11:13:24 AM,Morning Run,8475,21.52,529,activities/12616987207.fit.gz,150,
11822199225,Jul 6 2024 12:44:50 PM,Morning Run,3577,8.97,189,activities/12608751707.fit.gz,144,
11806349849,Jul 4 2024 11:34:17 AM,Morning Run,5853,13.81,217,activities/12592363301.fit.gz,136,
11797930417,Jul 3 2024 11:24:51 AM,Morning Run,3042,8.99,195,activities/12583682937.fit.gz,158,
11789873928,Jul 2 2024 11:19:38 AM,Morning Run,5669,13.75,319,activities/12575390041.fit.gz,145,
11774749325,Jun 30 2024 11:28:08 AM,Morning Run,4125,8.89,119,activities/12559771846.fit.gz,131,
11767992040,Jun 29 2024 11:18:11 AM,Morning Run,12517,28.42,667,activities/12552765872.fit.gz,145,
11751877223,Jun 27 2024 11:26:05 AM,Morning Run,5029,12.13,187,activities/12536144193.fit.gz,137,
11743896325,Jun 26 2024 11:23:55 AM,Morning Run,4633,11.8,237,activities/12527925201.fit.gz,143,
11735481948,Jun 25 2024 11:21:01 AM,Morning Run,4830,12.13,243,activities/12519416343.fit.gz,142,
11720073164,Jun 23 2024 11:36:19 AM,Morning Run,5479,11.84,154,activities/12503523500.fit.gz,130,
11712220994,Jun 22 2024 11:06:20 AM,Morning Run,9135,22.36,565,activities/12495414391.fit.gz,149,
11697070301,Jun 20 2024 11:25:13 AM,Morning Run,4781,11.88,234,activities/12479810023.fit.gz,142,
11688940803,Jun 19 2024 11:27:51 AM,Morning Run,4213,12.13,285,activities/12471451189.fit.gz,158,
11680647986,Jun 18 2024 10:59:46 AM,Morning Run,5197,12.17,189,activities/12462925606.fit.gz,136,
11666580571,Jun 16 2024 11:05:26 AM,Morning Run,12504,28.15,639,activities/12448411675.fit.gz,144,
11657764510,Jun 15 2024 11:25:37 AM,Morning Run,5879,13.4,194,activities/12439297867.fit.gz,134,
11650111660,Jun 14 2024 11:06:18 AM,Morning Run,4729,12.38,295,activities/12431407551.fit.gz,150,
11634746088,Jun 12 2024 11:17:28 AM,Morning Run,4676,10.93,154,activities/12415637083.fit.gz,134,
11626539927,Jun 11 2024 11:19:46 AM,Morning Run,5019,12.11,184,activities/12407206076.fit.gz,136,
11611623290,Jun 9 2024 11:19:30 AM,Morning Run,5352,12.14,165,activities/12391841935.fit.gz,133,
11603537532,Jun 8 2024 11:07:25 AM,Morning Run,8106,21.32,516,activities/12383482582.fit.gz,151,
11587703998,Jun 6 2024 11:33:02 AM,Morning Run,4880,10.95,163,activities/12367228086.fit.gz,135,
11579309665,Jun 5 2024 11:29:48 AM,Morning Run,4030,11.86,298,activities/12358612119.fit.gz,163,
11571050131,Jun 4 2024 11:26:56 AM,Morning Run,5509,11.92,179,activities/12350141662.fit.gz,134,
11556549328,Jun 2 2024 11:31:19 AM,Morning Run,10892,24.86,678,activities/12335195491.fit.gz,152,
11547431515,Jun 1 2024 11:31:49 AM,Morning Run,5073,13.01,268,activities/12325784498.fit.gz,144,
11532366212,May 30 2024 11:29:32 AM,Morning Run,4941,12.13,241,activities/12310272975.fit.gz,142,
11524483015,May 29 2024 11:42:05 AM,Morning Run,4156,9.81,158,activities/12302163007.fit.gz,137,
11508817987,May 27 2024 11:35:52 AM,Morning Run,4382,12.09,298,activities/12286026878.fit.gz,156,
11501956652,May 26 2024 11:30:22 AM,Morning Run,5407,12.2,186,activities/12278920933.fit.gz,135,
11494187370,May 25 2024 11:26:23 AM,Morning Run,9360,21.4,508,activities/12270887978.fit.gz,147,
11478614030,May 23 2024 11:32:05 AM,Morning Run,5255,12.24,224,activities/12254830062.fit.gz,140,
11470703289,May 22 2024 11:32:14 AM,Morning Run,3653,8.96,207,activities/12246702514.fit.gz,145,
11462960798,May 21 2024 11:26:02 AM,Morning Run,4790,11.8,221,activities/12238756583.fit.gz,143,
11448157170,May 19 2024 11:33:10 AM,Morning Run,10073,22.81,515,activities/12223479094.fit.gz,144,
11438766106,May 18 2024 11:22:49 AM,Morning Run,4401,9.96,117,activities/12213769734.fit.gz,129,
11431344386,May 17 2024 11:31:15 AM,Morning Run,4923,12.15,276,activities/12206124047.fit.gz,145,
11416253790,May 15 2024 11:26:09 AM,Morning Run,5095,11.86,203,activities/12190615985.fit.gz,138,
11408116870,May 14 2024 11:27:42 AM,Morning Run,4844,12.15,270,activities/12182268886.fit.gz,145,
11393874457,May 12 2024 11:35:41 AM,Morning Run,8433,19.39,312,activities/12167591217.fit.gz,136,
11384986016,May 11 2024 11:37:18 AM,Morning Run,5010,12.15,224,activities/12158415239.fit.gz,140,
11377287013,May 10 2024 12:40:03 PM,Morning Run,3877,8.91,115,activities/12150479582.fit.gz,131,
11352322314,May 7 2024 11:05:49 AM,"New Orleans, LA",4045,8.62,108,activities/12124841803.fit.gz,129,1
11344860491,May 6 2024 11:09:35 AM,"New Orleans, LA",3419,6.93,76,activities/12117176623.fit.gz,126,1
11330158385,May 4 2024 11:28:52 AM,Morning Run,7282,17.84,377,activities/12102013859.fit.gz,143,
11322078663,May 3 2024 11:34:35 AM,Morning Run,2949,8.88,198,activities/12093711605.fit.gz,159,
11315011252,May 2 2024 11:26:22 AM,Morning Run,5432,12.94,251,activities/12086460679.fit.gz,141,
11298391214,Apr 30 2024 11:32:03 AM,Morning Run,4974,12.14,268,activities/12069372629.fit.gz,144,
11293762797,Apr 29 2024 7:12:33 PM,Afternoon Run,3651,8.93,163,activities/12064595559.fit.gz,140,
11283532987,Apr 28 2024 11:39:27 AM,Morning Run,5738,11.85,159,activities/12054060579.fit.gz,130,
11275617010,Apr 27 2024 11:22:15 AM,Morning Run,7909,19.41,510,activities/12045939072.fit.gz,150,
11261031740,Apr 25 2024 11:39:12 AM,Morning Run,4803,12.02,266,activities/12030675386.fit.gz,146,
11256689789,Apr 24 2024 7:40:31 PM,Afternoon Run,3659,8.93,213,activities/12026209147.fit.gz,147,
11245855270,Apr 23 2024 11:33:10 AM,Morning Run,4983,12.07,282,activities/12015108431.fit.gz,146,
11231989280,Apr 21 2024 11:34:34 AM,Morning Run,7223,17.4,405,activities/12000787467.fit.gz,145,
11216516706,Apr 19 2024 11:20:56 AM,Morning Run,5117,12.03,207,activities/11984834306.fit.gz,138,
11202284761,Apr 17 2024 11:17:12 AM,Morning Run,5552,12.95,225,activities/11970238786.fit.gz,138,
11194436323,Apr 16 2024 11:07:30 AM,Morning Run,4160,10.34,238,activities/11962212596.fit.gz,146,
11187671571,Apr 15 2024 12:17:17 PM,Morning Run,3782,9,210,activities/11955298536.fit.gz,146,
11180469972,Apr 14 2024 11:30:05 AM,Morning Run,5275,12.32,247,activities/11947820003.fit.gz,141,
11172065519,Apr 13 2024 11:35:05 AM,Morning Run,6359,14.05,256,activities/11939123006.fit.gz,138,
11160180604,Apr 11 2024 8:04:06 PM,Afternoon Run,3771,8.9,186,activities/11926916269.fit.gz,143,
11156310780,Apr 11 2024 10:56:46 AM,Morning Run,2065,2.92,15,activities/11922962409.fit.gz,114,
11149297187,Apr 10 2024 11:29:32 AM,Morning Run,5217,12.1,244,activities/11915746891.fit.gz,141,
11141684888,Apr 9 2024 12:29:59 PM,Morning Run,3772,8.95,191,activities/11907958384.fit.gz,142,
11127239737,Apr 7 2024 11:34:38 AM,Morning Run,5951,13.08,230,activities/11893004590.fit.gz,138,
11118900124,Apr 6 2024 11:34:04 AM,Morning Run,5520,12.27,221,activities/11884414175.fit.gz,138,
11111409697,Apr 5 2024 11:29:41 AM,Morning Run,4123,9.39,197,activities/11876661983.fit.gz,142,
11107604498,Apr 4 2024 7:07:50 PM,Afternoon Run,3680,8.93,187,activities/11872748606.fit.gz,143,
11090520463,Apr 2 2024 12:31:17 PM,Morning Run,3606,8.92,194,activities/11855116307.fit.gz,144,
11083668405,Apr 1 2024 12:46:02 PM,Morning Run,3811,8.37,161,activities/11847867527.fit.gz,140,
11076384556,Mar 31 2024 11:27:33 AM,Morning Run,5631,13.04,219,activities/11839976649.fit.gz,137,
11041346924,Mar 26 2024 11:30:15 AM,Morning Run,4962,12.05,289,activities/11802435093.fit.gz,147,
11028253608,Mar 24 2024 11:37:12 AM,Morning Run,5838,13.74,286,activities/11788957674.fit.gz,142,
11014081795,Mar 22 2024 11:35:26 AM,Morning Run,3125,8.91,218,activities/11774332675.fit.gz,161,
11000144214,Mar 20 2024 11:33:11 AM,Morning Run,4537,11.11,274,activities/11759997980.fit.gz,148,
10992518731,Mar 19 2024 11:35:11 AM,Morning Run,3581,8.91,198,activities/11752139868.fit.gz,146,
10979284849,Mar 17 2024 12:07:40 PM,Morning Run,5051,11.67,272,activities/11738277519.fit.gz,145,
10971132875,Mar 16 2024 11:32:57 AM,Morning Run,3667,8.86,147,activities/11729544929.fit.gz,138,
10957492355,Mar 14 2024 11:35:29 AM,Morning Run,3855,8.91,142,activities/11715441824.fit.gz,136,
10942866937,Mar 12 2024 11:37:13 AM,Morning Run,3446,8.92,210,activities/11700340690.fit.gz,153,
10930119557,Mar 10 2024 12:11:35 PM,Morning Run,3983,9.02,137,activities/11687110909.fit.gz,135,
10922998997,Mar 9 2024 12:30:12 PM,Morning Run,4011,9.18,146,activities/11679620839.fit.gz,136,
10902940944,Mar 6 2024 1:26:01 PM,Morning Run,3623,8.91,187,activities/11658734448.fit.gz,145,
10887996868,Mar 4 2024 12:25:57 PM,Morning Run,3795,8.99,185,activities/11638344734.fit.gz,142,
10881979666,Mar 3 2024 12:15:13 PM,Morning Run,5182,10.93,133,activities/11631105543.fit.gz,128,
10867423616,Mar 1 2024 12:27:43 PM,Morning Run,2831,6.38,147,activities/11615968324.fit.gz,144,
10847439225,Feb 27 2024 12:19:32 PM,Morning Run,5224,12.89,302,activities/11595407189.fit.gz,148,
10834478928,Feb 25 2024 12:43:05 PM,Morning Run,4763,12,216,activities/11582030733.fit.gz,141,
10827102620,Feb 24 2024 12:28:35 PM,Morning Run,5627,14.78,291,activities/11574313511.fit.gz,144,
10814070750,Feb 22 2024 12:32:12 PM,Morning Run,4540,13.01,284,activities/11560891477.fit.gz,151,
10803449135,Feb 20 2024 7:54:29 PM,Afternoon Run,4568,12.14,274,activities/11549977955.fit.gz,148,
10793430902,Feb 19 2024 12:25:16 PM,Morning Run,5004,12.05,260,activities/11539702616.fit.gz,144,
10787181783,Feb 18 2024 12:29:50 PM,Morning Run,3828,9.05,143,activities/11533224911.fit.gz,137,
10773096038,Feb 16 2024 12:35:48 PM,Morning Run,3681,8.89,163,activities/11518626252.fit.gz,140,
10766512146,Feb 15 2024 12:22:46 PM,Morning Run,3207,7.14,67,activities/11511855467.fit.gz,125,
10741100930,Feb 11 2024 1:00:00 PM,Morning Run,5053,12.1,169,activities/11485696035.fit.gz,134,
10736461915,Feb 10 2024 7:58:43 PM,Afternoon Run,3677,9.34,141,activities/11480882746.fit.gz,137,
10727309817,Feb 9 2024 12:39:05 PM,Morning Run,3143,8.88,156,activities/11471445246.fit.gz,147,
10721263446,Feb 8 2024 12:35:30 PM,Morning Run,4612,12.24,251,activities/11465233920.fit.gz,145,
10707786185,Feb 6 2024 12:33:07 PM,Morning Run,4860,12.09,167,activities/11451408777.fit.gz,134,
10695836388,Feb 4 2024 12:36:40 PM,Morning Run,10869,27.97,642,activities/11439096478.fit.gz,148,
10687704892,Feb 3 2024 12:32:43 PM,Morning Run,5918,16.36,358,activities/11430487314.fit.gz,148,
10674326631,Feb 1 2024 12:35:22 PM,Morning Run,4871,12.87,227,activities/11416730036.fit.gz,141,
10667528446,Jan 31 2024 12:31:56 PM,Morning Run,4107,12.14,267,activities/11409765531.fit.gz,153,
10660488154,Jan 30 2024 12:35:53 PM,Morning Run,4952,12.09,193,activities/11402545076.fit.gz,137,
10640333574,Jan 27 2024 12:35:39 PM,Morning Run,8519,21.32,415,activities/11381544707.fit.gz,142,
10634108982,Jan 26 2024 3:39:24 PM,Morning Run,4141,11.18,207,activities/11375089194.fit.gz,144,
10626774594,Jan 25 2024 12:37:10 PM,Morning Run,4718,12.18,260,activities/11367576067.fit.gz,146,
10613908177,Jan 23 2024 1:36:11 PM,Morning Run,4609,12.87,274,activities/11354413145.fit.gz,147,
10609652566,Jan 22 2024 7:39:27 PM,Afternoon Run,4284,12.1,238,activities/11350037726.fit.gz,147,
10601765709,Jan 21 2024 12:40:41 PM,Morning Run,6475,16.74,296,activities/11341937768.fit.gz,141,
10594771146,Jan 20 2024 12:42:03 PM,Morning Run,4568,12.21,226,activities/11334689007.fit.gz,142,
10588544451,Jan 19 2024 1:37:38 PM,Morning Run,4160,10.98,235,activities/11328290666.fit.gz,146,
10583422335,Jan 18 2024 4:58:25 PM,Lunch Run,2495,6.72,123,activities/11323017169.fit.gz,143,
10565654200,Jan 15 2024 7:55:17 PM,Afternoon Run,4000,9.86,140,activities/11304603875.fit.gz,134,
10558443461,Jan 14 2024 12:37:21 PM,Morning Run,13430,33.69,751,activities/11297088678.fit.gz,147,
10550612365,Jan 13 2024 1:20:04 PM,Morning Run,5348,12.97,196,activities/11288928673.fit.gz,136,
10543616404,Jan 12 2024 12:37:37 PM,Morning Run,3968,12.23,259,activities/11281656508.fit.gz,157,
10537397197,Jan 11 2024 12:39:56 PM,Morning Run,4282,12.11,250,activities/11274884845.fit.gz,148,
10530961934,Jan 10 2024 12:34:15 PM,Morning Run,4548,12.09,223,activities/11268144736.fit.gz,142,
10505672375,Jan 6 2024 12:39:09 PM,Morning Run,8555,20.71,358,activities/11241765104.fit.gz,139,
10498736989,Jan 5 2024 12:37:35 PM,Morning Run,4507,12.83,274,activities/11234335329.fit.gz,149,
10494947691,Jan 4 2024 7:53:55 PM,Afternoon Run,4133,11.74,247,activities/11230339948.fit.gz,150,
10485744210,Jan 3 2024 12:32:59 PM,Morning Run,4240,12,239,activities/11220808890.fit.gz,148,
10474135416,Jan 1 2024 1:49:52 PM,Morning Run,5351,13.5,203,activities/11208775716.fit.gz,137,
10468790665,Dec 31 2023 12:43:30 PM,Morning Run,8232,21.6,389,activities/11203189561.fit.gz,142,
10462318703,Dec 30 2023 12:35:19 PM,Morning Run,6589,16.41,241,activities/11196462859.fit.gz,136,
10456269175,Dec 29 2023 12:30:47 PM,Morning Run,5163,13.73,281,activities/11190196359.fit.gz,145,
10444954271,Dec 27 2023 12:30:54 PM,Morning Run,5350,13.78,198,activities/11178464048.fit.gz,136,
10439327902,Dec 26 2023 12:31:20 PM,Morning Run,4445,11.54,167,activities/11172621182.fit.gz,137,
10436072056,Dec 25 2023 8:25:31 PM,Afternoon Run,3323,8.59,127,activities/11169219856.fit.gz,136,
10430713838,Dec 24 2023 12:28:41 PM,Morning Run,9297,24.88,518,activities/11163600410.fit.gz,146,
10424978397,Dec 23 2023 12:34:25 PM,Morning Run,6409,17.54,299,activities/11157625911.fit.gz,141,
10419798488,Dec 22 2023 12:31:46 PM,Morning Run,4662,13.15,259,activities/11152251640.fit.gz,145,
10414737887,Dec 21 2023 12:34:09 PM,Morning Run,4821,12.68,221,activities/11147355832.fit.gz,140,
10409843066,Dec 20 2023 12:32:51 PM,Morning Run,4553,12.09,199,activities/11142284777.fit.gz,139,
10404639009,Dec 19 2023 12:30:41 PM,Morning Run,4065,12.01,255,activities/11136908087.fit.gz,153,
10395318443,Dec 17 2023 12:43:21 PM,Morning Run,8234,22.61,557,activities/11127165802.fit.gz,154,
10389198776,Dec 16 2023 12:36:55 PM,Morning Run,5035,13.58,284,activities/11120692669.fit.gz,146,
10384063286,Dec 15 2023 12:33:17 PM,Morning Run,5286,14,316,activities/11115343724.fit.gz,148,
10373937161,Dec 13 2023 12:25:37 PM,Morning Run,3833,8.95,112,activities/11104798340.fit.gz,131,
10368578171,Dec 12 2023 12:29:43 PM,Morning Run,4044,10.22,189,activities/11099239476.fit.gz,142,
10358922035,Dec 10 2023 12:33:06 PM,Morning Run,6929,17.63,317,activities/11089158152.fit.gz,141,
10353213236,Dec 9 2023 12:30:29 PM,Morning Run,6615,17.23,355,activities/11083117068.fit.gz,144,
10347988560,Dec 8 2023 12:36:24 PM,Morning Run,4470,11.85,221,activities/11077667732.fit.gz,143,
10342949474,Dec 7 2023 12:32:04 PM,Morning Run,4046,8.96,83,activities/11072452055.fit.gz,125,
10326925548,Dec 4 2023 12:31:22 PM,Morning Run,5072,12.14,217,activities/11055837707.fit.gz,142,
10316743798,Dec 2 2023 12:33:20 PM,Morning Run,8057,22.11,501,activities/11045206319.fit.gz,149,
10311204476,Dec 1 2023 12:21:00 PM,Morning Run,4438,11.91,227,activities/11039465391.fit.gz,143,
10300725739,Nov 29 2023 12:23:35 PM,Morning Run,2828,7.16,77,activities/11028618928.fit.gz,130,
10295190978,Nov 28 2023 12:24:29 PM,Morning Run,4029,11.84,241,activities/11022895654.fit.gz,148,
10285167928,Nov 26 2023 12:29:20 PM,Morning Run,6254,16.78,249,activities/11012476150.fit.gz,138,
10279200332,Nov 25 2023 1:18:17 PM,Morning Run,3781,10.34,132,activities/11006278019.fit.gz,135,
10273717995,Nov 24 2023 12:26:25 PM,Morning Run,6122,17.69,343,activities/11000586036.fit.gz,146,
10268268046,Nov 23 2023 12:38:51 PM,Morning Run,5144,14.45,243,activities/10994877852.fit.gz,141,
10263056163,Nov 22 2023 2:21:04 PM,Morning Run,3943,12.06,247,activities/10989480915.fit.gz,155,
10256808661,Nov 21 2023 12:33:35 PM,Morning Run,4582,11.85,162,activities/10982985217.fit.gz,135,
10246495581,Nov 19 2023 12:31:11 PM,Morning Run,9353,26.13,577,activities/10972236049.fit.gz,149,
10239846954,Nov 18 2023 12:46:40 PM,Morning Run,5194,13.31,186,activities/10965324449.fit.gz,136,
10234148559,Nov 17 2023 12:33:06 PM,Morning Run,5257,15.04,297,activities/10959405201.fit.gz,146,
10228620002,Nov 16 2023 12:24:29 PM,Morning Run,4375,12.02,188,activities/10953674225.fit.gz,140,
10222755424,Nov 15 2023 12:21:10 PM,Morning Run,3558,11.46,244,activities/10947553221.fit.gz,159,
10216834767,Nov 14 2023 12:23:17 PM,Morning Run,4623,12.01,187,activities/10941435796.fit.gz,139,
10208410434,Nov 12 2023 7:47:36 PM,Afternoon Run,5578,14.05,303,activities/10932678778.fit.gz,146,
10199806605,Nov 11 2023 12:27:34 PM,Morning Run,6384,18.28,391,activities/10923731465.fit.gz,148,
10193691817,Nov 10 2023 12:14:08 PM,Morning Run,3397,10.56,230,activities/10917392923.fit.gz,158,
10188411925,Nov 9 2023 12:19:11 PM,Morning Run,4261,12.23,235,activities/10911925946.fit.gz,145,
10182594375,Nov 8 2023 12:16:14 PM,Morning Run,4262,11.94,233,activities/10905918344.fit.gz,145,
10176459435,Nov 7 2023 12:16:59 PM,Morning Run,4909,12.35,273,activities/10899580724.fit.gz,147,
10165042434,Nov 5 2023 12:13:51 PM,Morning Run,6212,17.24,360,activities/10887611327.fit.gz,147,
10158447168,Nov 4 2023 11:46:33 AM,Morning Run,3703,11.74,241,activities/10880665620.fit.gz,157,
10152936442,Nov 3 2023 11:43:08 AM,Morning Run,4868,13.82,259,activities/10874885911.fit.gz,144,
10147533919,Nov 2 2023 11:40:40 AM,Morning Run,4004,11.25,188,activities/10869216930.fit.gz,141,
10142097553,Nov 1 2023 11:45:26 AM,Morning Run,4196,11.13,189,activities/10863510351.fit.gz,140,
10130841502,Oct 30 2023 1:34:38 PM,Morning Run,4604,11.79,187,activities/10851743990.fit.gz,138,
10119310751,Oct 28 2023 11:37:31 AM,Morning Run,9621,22.77,456,activities/10839598411.fit.gz,143,
10113061880,Oct 27 2023 11:35:17 AM,Morning Run,4544,10.93,129,activities/10833051269.fit.gz,130,
10107596522,Oct 26 2023 11:33:26 AM,Morning Run,3983,11.84,265,activities/10827353606.fit.gz,157,
10101894727,Oct 25 2023 11:33:55 AM,Morning Run,4711,12.69,223,activities/10821423106.fit.gz,141,
10095761455,Oct 24 2023 11:26:29 AM,Morning Run,4311,11.17,203,activities/10815068515.fit.gz,141,
10084908550,Oct 22 2023 11:30:57 AM,Morning Run,10234,27.93,631,activities/10803736295.fit.gz,151,
10078318761,Oct 21 2023 12:49:34 PM,Morning Run,5183,13.93,297,activities/10796861595.fit.gz,146,
10066787246,Oct 19 2023 11:30:57 AM,Morning Run,3715,11.39,256,activities/10784857027.fit.gz,159,
10061033934,Oct 18 2023 11:30:13 AM,Morning Run,4613,12.07,218,activities/10778897868.fit.gz,141,
10054691744,Oct 17 2023 11:27:22 AM,Morning Run,4407,11.34,196,activities/10772312489.fit.gz,140,
10043481682,Oct 15 2023 11:37:41 AM,Morning Run,6529,16.8,264,activities/10760630463.fit.gz,138,
10036815526,Oct 14 2023 11:38:40 AM,Morning Run,5266,13.83,218,activities/10753673398.fit.gz,139,
10030944683,Oct 13 2023 12:26:02 PM,Morning Run,3802,11.53,250,activities/10747559275.fit.gz,156,
10025220494,Oct 12 2023 12:27:53 PM,Morning Run,4080,10.87,189,activities/10741619680.fit.gz,140,
10019097047,Oct 11 2023 12:36:29 PM,Morning Run,4458,11.47,204,activities/10735268028.fit.gz,140,
10012023017,Oct 10 2023 10:34:24 AM,"Portland, ME",6229,14.26,175,activities/10727953049.fit.gz,130,1
10000510942,Oct 8 2023 11:33:19 AM,Morning Run,6977,17.36,215,activities/10715938685.fit.gz,132,
9993622827,Oct 7 2023 11:35:47 AM,Morning Run,6002,15.36,275,activities/10708739406.fit.gz,140,
9987347800,Oct 6 2023 11:26:44 AM,Morning Run,4750,11.89,213,activities/10702193038.fit.gz,140,
9981124890,Oct 5 2023 11:23:10 AM,Morning Run,3654,8.98,133,activities/10695721709.fit.gz,136,
9962159595,Oct 2 2023 12:51:53 PM,Morning Run,4271,10.31,185,activities/10675937924.fit.gz,140,
9956426257,Oct 1 2023 11:46:38 AM,Morning Run,9702,24.19,430,activities/10669812703.fit.gz,140,
9951700990,Sep 30 2023 7:30:16 PM,Afternoon Run,3890,8.97,136,activities/10664854189.fit.gz,135,
9949955679,Sep 30 2023 2:31:17 PM,Morning Run,1564,5.14,124,activities/10663029465.fit.gz,171,
9936780097,Sep 28 2023 11:29:32 AM,Morning Run,4894,13.53,243,activities/10649300064.fit.gz,144,
9930402908,Sep 27 2023 11:29:22 AM,Morning Run,5017,13.43,227,activities/10642649006.fit.gz,140,
9923636786,Sep 26 2023 11:26:49 AM,Morning Run,4605,11.92,207,activities/10635568439.fit.gz,140,
9913196132,Sep 24 2023 3:18:32 PM,Lunch Run,5292,13.48,209,activities/10624551713.fit.gz,137,
9904737448,Sep 23 2023 11:31:14 AM,Morning Run,6479,16.67,294,activities/10615668099.fit.gz,140,
9898429812,Sep 22 2023 11:18:21 AM,Morning Run,5350,13.84,202,activities/10609042311.fit.gz,137,
9892637561,Sep 21 2023 12:27:58 PM,Morning Run,3892,11.46,250,activities/10602985717.fit.gz,155,
9886327806,Sep 20 2023 12:19:33 PM,Morning Run,5210,13.47,237,activities/10596397210.fit.gz,140,
9879404528,Sep 19 2023 11:24:11 AM,Morning Run,4532,11.19,190,activities/10589155189.fit.gz,139,
9867613181,Sep 17 2023 11:22:49 AM,Morning Run,8188,21.64,401,activities/10576774783.fit.gz,143,
9860263581,Sep 16 2023 11:31:20 AM,Morning Run,5713,14.96,250,activities/10569051153.fit.gz,140,
9853721345,Sep 15 2023 11:27:49 AM,Morning Run,4584,11.51,174,activities/10562186417.fit.gz,137,
9847646210,Sep 14 2023 12:24:28 PM,Morning Run,3110,8.93,190,activities/10555833250.fit.gz,152,
9834835632,Sep 12 2023 11:21:11 AM,Morning Run,4722,11.51,160,activities/10542409768.fit.gz,135,
9830901192,Sep 11 2023 12:35:01 PM,Morning Run,3747,8.95,110,activities/10538257139.fit.gz,131,
9821869704,Sep 10 2023 11:38:47 AM,Morning Run,6721,16.69,357,activities/10528723390.fit.gz,144,
9814494769,Sep 9 2023 11:25:41 AM,Morning Run,5609,13.5,243,activities/10520940555.fit.gz,139,
9808428497,Sep 8 2023 12:43:14 PM,Morning Run,4974,11.58,212,activities/10514557542.fit.gz,139,
9801934025,Sep 7 2023 12:46:08 PM,Morning Run,3401,8.98,225,activities/10507722406.fit.gz,156,
9795271468,Sep 6 2023 12:21:57 PM,Morning Run,5310,11.25,175,activities/10500713132.fit.gz,133,
9788218588,Sep 5 2023 12:34:36 PM,Morning Run,3454,7.14,88,activities/10493313116.fit.gz,128,
9781865278,Sep 4 2023 12:30:35 PM,"New Haven, CT",9082,21.5,696,activities/10486637593.fit.gz,163,1
9774936615,Sep 3 2023 11:46:26 AM,Morning Run,1819,4.48,60,activities/10479258830.fit.gz,133,
9768077923,Sep 2 2023 11:19:13 AM,Morning Run,4942,11.49,121,activities/10471989068.fit.gz,127,
9764943302,Sep 1 2023 12:57:19 PM,Morning Run,4386,11.25,216,activities/10468608969.fit.gz,142,
9755409208,Aug 31 2023 11:04:59 AM,Morning Run,4440,11.55,237,activities/10458566355.fit.gz,144,
9742345823,Aug 29 2023 11:03:43 AM,Morning Run,4159,10.71,197,activities/10444637703.fit.gz,142,
9736083033,Aug 28 2023 10:53:26 AM,Morning Run,4187,10.74,226,activities/10438068368.fit.gz,144,
9730845967,Aug 27 2023 11:39:14 AM,Morning Run,6869,16.6,291,activities/10432515509.fit.gz,139,
9724143044,Aug 26 2023 11:10:33 AM,Morning Run,6770,16.65,365,activities/10425381390.fit.gz,144,
9711683266,Aug 24 2023 11:03:25 AM,Morning Run,5220,12.68,194,activities/10412214918.fit.gz,136,
9704925629,Aug 23 2023 10:55:04 AM,Morning Run,4219,10.7,191,activities/10405072355.fit.gz,140,
9697963202,Aug 22 2023 11:01:17 AM,Morning Run,4251,10.74,195,activities/10397690660.fit.gz,141,
9691289050,Aug 21 2023 11:14:16 AM,Morning Run,3736,8.94,132,activities/10390587001.fit.gz,136,
9685595569,Aug 20 2023 11:24:24 AM,Morning Run,6691,16.95,356,activities/10384399544.fit.gz,144,
9672360501,Aug 18 2023 11:57:19 AM,Morning Run,3912,10.74,265,activities/10370040734.fit.gz,158,
9665775830,Aug 17 2023 11:13:11 AM,Morning Run,4716,11.39,188,activities/10363095771.fit.gz,138,
9658835136,Aug 16 2023 10:47:48 AM,Morning Run,4635,11.37,219,activities/10355785723.fit.gz,141,
9652067294,Aug 15 2023 11:08:35 AM,Morning Run,4700,11.15,184,activities/10348687773.fit.gz,138,
9639451140,Aug 13 2023 11:13:07 AM,Morning Run,7805,19.38,463,activities/10335399615.fit.gz,148,
9632310966,Aug 12 2023 10:51:19 AM,Morning Run,5909,14.63,245,activities/10327851776.fit.gz,138,
9626093913,Aug 11 2023 10:58:44 AM,Morning Run,5850,14.74,300,activities/10321286465.fit.gz,143,
9619263035,Aug 10 2023 10:40:28 AM,Morning Run,4038,10.64,234,activities/10314072028.fit.gz,149,
9612612317,Aug 9 2023 10:41:56 AM,Morning Run,4311,10.7,210,activities/10307028896.fit.gz,142,
9605819971,Aug 8 2023 10:47:38 AM,Morning Run,4497,10.73,202,activities/10299862626.fit.gz,140,
9593837446,Aug 6 2023 11:15:48 AM,Morning Run,6572,16.36,351,activities/10287224843.fit.gz,144,
9587250462,Aug 5 2023 11:03:38 AM,Morning Run,5923,14.88,255,activities/10280245936.fit.gz,140,
9581141478,Aug 4 2023 11:04:57 AM,Morning Run,5478,13.47,222,activities/10273775111.fit.gz,138,
9577771909,Aug 3 2023 10:53:32 AM,Morning Run,4226,10.68,211,activities/10270227949.fit.gz,143,
9568249916,Aug 2 2023 10:43:57 AM,Morning Run,4092,11.36,258,activities/10260213261.fit.gz,152,
9561661416,Aug 1 2023 10:52:15 AM,Morning Run,4059,10.69,225,activities/10253143451.fit.gz,146,
9549667114,Jul 30 2023 11:03:35 AM,Morning Run,6413,16.69,307,activities/10240440953.fit.gz,142,
9543219383,Jul 29 2023 11:09:05 AM,Morning Run,6207,14.99,325,activities/10233628793.fit.gz,144,
9536857888,Jul 28 2023 11:01:56 AM,Morning Run,3666,8.89,170,activities/10226914694.fit.gz,141,
9531012591,Jul 27 2023 11:19:48 AM,Morning Run,4196,10.24,205,activities/10220767377.fit.gz,142,
9524523682,Jul 26 2023 10:56:19 AM,Morning Run,3186,8.92,182,activities/10213943989.fit.gz,147,
9517899984,Jul 25 2023 10:48:59 AM,Morning Run,3542,8.84,174,activities/10206958300.fit.gz,142,
9514646798,Jul 24 2023 8:00:34 PM,Afternoon Run,2781,7.12,133,activities/10203554703.fit.gz,142,
9506600869,Jul 23 2023 12:05:43 PM,Morning Run,6587,16.17,323,activities/10195060997.fit.gz,142,
9499896411,Jul 22 2023 11:39:21 AM,Morning Run,5792,14.17,300,activities/10187880174.fit.gz,143,
9493897173,Jul 21 2023 12:17:52 PM,Morning Run,4437,10.13,152,activities/10181511073.fit.gz,135,
9487099485,Jul 20 2023 10:57:33 AM,Morning Run,3143,8.86,214,activities/10174281929.fit.gz,157,
9480935696,Jul 19 2023 11:03:41 AM,Morning Run,5382,12.62,206,activities/10167824475.fit.gz,137,
9474169781,Jul 18 2023 11:08:19 AM,Morning Run,4659,10.62,197,activities/10160721107.fit.gz,139,
9464823386,Jul 16 2023 8:09:41 PM,Afternoon Run,3621,8.9,204,activities/10150880784.fit.gz,149,
9455196979,Jul 15 2023 10:55:19 AM,Morning Run,3880,8.73,147,activities/10140626745.fit.gz,137,
9446035485,Jul 13 2023 10:36:38 AM,Morning Run,4658,9.5,138,activities/10130968917.fit.gz,132,
9437022185,Jul 12 2023 10:08:53 AM,"Bar Harbor, ME",9902,21.22,412,activities/10121505789.fit.gz,140,1
9434245786,Jul 11 2023 8:10:59 PM,Afternoon Walk,13984,7.41,19,activities/10118586621.fit.gz,80,
9430011076,Jul 11 2023 10:05:40 AM,"Bar Harbor, ME",5382,11.25,143,activities/10114138764.fit.gz,129,1
9423875379,Jul 10 2023 10:44:06 AM,Morning Run,4587,9.39,155,activities/10107678474.fit.gz,135,
9411727062,Jul 8 2023 11:12:06 AM,Morning Run,6234,14.92,356,activities/10094749073.fit.gz,147,
9405588482,Jul 7 2023 11:20:35 AM,Morning Run,6586,14.54,228,activities/10088261939.fit.gz,135,
9398978017,Jul 6 2023 10:53:34 AM,Morning Run,4676,10.7,182,activities/10081306037.fit.gz,137,
9392400621,Jul 5 2023 10:21:45 AM,Morning Run,3765,8.88,136,activities/10074382881.fit.gz,135,
9386920036,Jul 4 2023 12:32:04 PM,Morning Run,6515,14.53,261,activities/10068620494.fit.gz,138,
9374831173,Jul 2 2023 11:33:35 AM,Morning Run,8124,17.76,258,activities/10055860369.fit.gz,133,
9368124806,Jul 1 2023 11:27:12 AM,Morning Run,6684,14.67,233,activities/10048613165.fit.gz,135,
9362138443,Jun 30 2023 11:16:10 AM,Morning Run,4718,10.73,171,activities/10041969502.fit.gz,136,
9349975041,Jun 28 2023 11:00:53 AM,Morning Run,4654,10.71,168,activities/10029095514.fit.gz,136,
9343558936,Jun 27 2023 11:06:23 AM,Morning Run,3959,8.94,137,activities/10022356573.fit.gz,135,
9332247942,Jun 25 2023 11:37:12 AM,Morning Run,7837,16.81,275,activities/10010389455.fit.gz,135,
9328021515,Jun 24 2023 8:18:11 PM,Afternoon Run,3234,7.16,77,activities/10005898312.fit.gz,127,
9319475834,Jun 23 2023 11:42:24 AM,Morning Run,5334,12.68,244,activities/9996852033.fit.gz,141,
9313576617,Jun 22 2023 11:36:31 AM,Morning Run,4836,10.72,143,activities/9990629293.fit.gz,131,
9307086435,Jun 21 2023 11:00:52 AM,Morning Run,4705,10.7,159,activities/9983789337.fit.gz,135,
9300543855,Jun 20 2023 10:55:36 AM,Morning Run,3941,8.91,126,activities/9976867819.fit.gz,133,
9289141973,Jun 18 2023 11:48:50 AM,Morning Run,6194,13.12,190,activities/9964605089.fit.gz,132,
9282498999,Jun 17 2023 11:39:29 AM,Morning Run,6662,13.91,186,activities/9957517387.fit.gz,130,
9276344209,Jun 16 2023 11:46:22 AM,Morning Run,5228,10.74,160,activities/9951005412.fit.gz,132,
9269939760,Jun 15 2023 10:59:03 AM,Morning Run,4110,8.9,119,activities/9944234975.fit.gz,131,
9263692017,Jun 14 2023 10:57:55 AM,Morning Run,5031,10.71,162,activities/9937664575.fit.gz,134,
9257120731,Jun 13 2023 11:04:03 AM,Morning Run,4292,8.92,136,activities/9930739416.fit.gz,133,
9238762076,Jun 10 2023 11:49:31 AM,Morning Run,4800,9.98,135,activities/9911291790.fit.gz,130,
9232231280,Jun 9 2023 11:32:03 AM,Morning Run,4074,8.9,112,activities/9904443619.fit.gz,130,
9229355084,Jun 8 2023 8:49:28 PM,Afternoon Run,4291,8.92,88,activities/9901420820.fit.gz,124,
9213287845,Jun 6 2023 11:32:02 AM,Morning Run,5120,10.69,131,activities/9884465384.fit.gz,128,
9201799472,Jun 4 2023 11:51:02 AM,Morning Run,6319,13.25,138,activities/9872347866.fit.gz,125,
9194235357,Jun 3 2023 11:43:52 AM,Morning Run,5121,10.71,120,activities/9864312645.fit.gz,126,
9187870029,Jun 2 2023 11:08:09 AM,Morning Run,5131,10.69,158,activities/9857555320.fit.gz,132,
9181674507,Jun 1 2023 11:08:21 AM,Morning Run,4292,8.94,103,activities/9851025479.fit.gz,126,
9168770252,May 30 2023 11:09:28 AM,Morning Run,3816,8.89,138,activities/9837454394.fit.gz,136,
9162617077,May 29 2023 11:19:29 AM,Morning Run,5219,10.71,115,activities/9830931212.fit.gz,125,
9150706929,May 27 2023 11:31:20 AM,"Hamden, CT",10254,21.31,601,activities/9818178528.fit.gz,148,
9143538321,May 26 2023 11:41:12 AM,Morning Run,2144,4.5,48,activities/9810502765.fit.gz,126,
9138194964,May 25 2023 11:32:58 AM,Morning Run,2140,4.49,52,activities/9804601022.fit.gz,127,
9131283313,May 24 2023 11:12:11 AM,Morning Run,3993,8.9,134,activities/9796038464.fit.gz,135,
9124821918,May 23 2023 11:30:07 AM,Morning Run,3210,7.1,99,activities/9788274644.fit.gz,132,
9113374508,May 21 2023 11:50:20 AM,Morning Run,8229,16.66,243,activities/9776127563.fit.gz,131,
9106254664,May 20 2023 11:50:16 AM,Morning Run,5535,11.48,174,activities/9768551136.fit.gz,132,
9100121300,May 19 2023 11:35:37 AM,Morning Run,6192,12.7,196,activities/9762058807.fit.gz,133,
9087780127,May 17 2023 11:57:27 AM,Morning Run,5000,10.63,157,activities/9749031670.fit.gz,133,
9081805837,May 16 2023 12:52:55 PM,Morning Run,4362,8.9,132,activities/9742741514.fit.gz,132,
9069990544,May 14 2023 11:52:55 AM,Morning Run,3804,8.86,149,activities/9730220186.fit.gz,137,
9063754918,May 13 2023 12:02:48 PM,Morning Run,6161,12.28,145,activities/9723505622.fit.gz,126,
9057542677,May 12 2023 11:43:20 AM,Morning Run,5166,10.71,137,activities/9716959882.fit.gz,129,
9052113991,May 11 2023 1:02:17 PM,Morning Run,5323,10.67,143,activities/9711244517.fit.gz,129,
9045296159,May 10 2023 10:55:36 AM,Morning Run,4000,8.58,107,activities/9704057348.fit.gz,129,
9039787999,May 9 2023 12:53:39 PM,Morning Run,4720,8.91,121,activities/9698162516.fit.gz,128,
9028283773,May 7 2023 11:36:36 AM,"Hamden, CT",11460,23.37,587,activities/9685926349.fit.gz,145,1
9020840409,May 6 2023 11:43:53 AM,Morning Run,3475,7.11,74,activities/9678004809.fit.gz,124,
9015003311,May 5 2023 11:29:29 AM,Morning Run,5346,10.69,130,activities/9671838924.fit.gz,126,
9009719252,May 4 2023 1:47:27 PM,Morning Run,6028,11.88,154,activities/9666262464.fit.gz,127,
8999188217,May 2 2023 8:16:12 PM,Afternoon Run,4502,9.24,93,activities/9655151751.fit.gz,124,
8993061108,May 1 2023 7:52:54 PM,Afternoon Run,4342,8.88,90,activities/9648678978.fit.gz,124,
8985280883,Apr 30 2023 3:07:54 PM,Lunch Walk,2216,1.76,5,activities/9640375458.fit.gz,87,
8984281905,Apr 30 2023 11:34:55 AM,Morning Run,8131,16.15,203,activities/8984281905.gpx,127,
8971935348,Apr 28 2023 11:49:36 AM,Morning Run,5740,11.59,158,activities/8971935348.gpx,129,
8968746848,Apr 27 2023 7:24:37 PM,Afternoon Run,5406,11,142,activities/8968746848.gpx,128,
8960257549,Apr 26 2023 11:44:22 AM,Morning Run,5224,10.88,174,activities/8960257549.gpx,134,
8954516615,Apr 25 2023 12:53:34 PM,Morning Run,5339,10.92,156,activities/8954516615.gpx,131,
8945550480,Apr 23 2023 7:34:47 PM,Afternoon Run,5244,10.88,129,activities/8945550480.gpx,126,
8936462843,Apr 22 2023 12:12:00 PM,Morning Run,5142,11,126,activities/8936462843.gpx,127,
8930317031,Apr 21 2023 11:49:43 AM,Morning Run,5112,10.92,131,activities/8930317031.gpx,128,
8925041738,Apr 20 2023 12:59:44 PM,Morning Run,5049,10.88,149,activities/8925041738.gpx,131,
8918977989,Apr 19 2023 12:55:33 PM,Morning Run,4315,9.08,122,activities/8918977989.gpx,130,
8912680947,Apr 18 2023 12:54:24 PM,Morning Run,3445,7.26,91,activities/8912680947.gpx,128,
8901203336,Apr 16 2023 12:02:14 PM,Morning Run,5209,11.03,122,activities/8901203336.gpx,125,
8894552145,Apr 15 2023 11:52:37 AM,Morning Run,4428,9.07,106,activities/8894552145.gpx,125,
8888928954,Apr 14 2023 11:56:58 AM,Morning Run,3477,7.45,83,activities/8888928954.gpx,126,
8883350625,Apr 13 2023 11:56:08 AM,Morning Run,3367,9.07,211,activities/8883350625.gpx,151,
8878392200,Apr 12 2023 2:39:35 PM,Morning Run,3584,9.15,191,activities/8878392200.gpx,144,
8871905096,Apr 11 2023 1:15:33 PM,Morning Run,3812,9.12,193,activities/8871905096.gpx,142,
8860125514,Apr 9 2023 12:02:12 PM,Morning Run,5751,13.47,240,activities/8860125514.gpx,138,
8853691107,Apr 8 2023 11:54:47 AM,Morning Run,4336,10.31,197,activities/8853691107.gpx,140,
8847583804,Apr 7 2023 11:45:21 AM,Morning Run,2990,7.29,139,activities/8847583804.gpx,140,
8842452849,Apr 6 2023 12:49:02 PM,Morning Run,3846,9.1,176,activities/8842452849.gpx,140,
8836826389,Apr 5 2023 12:55:24 PM,Morning Run,3145,7.36,152,activities/8836826389.gpx,142,
8819656303,Apr 2 2023 1:19:47 PM,Morning Run,3125,7.25,133,activities/8819656303.gpx,139,
8815473614,Apr 1 2023 8:13:16 PM,Afternoon Run,3064,7.22,154,activities/8815473614.gpx,143,
8808052248,Mar 31 2023 11:28:21 AM,New York - March 31 2023,7108,16.32,335,activities/8808052248.gpx,142,1
8799777813,Mar 29 2023 8:23:34 PM,Afternoon Run,3104,7.29,152,activities/8799777813.gpx,142,
8780730360,Mar 26 2023 12:04:24 PM,Morning Run,5930,13.53,287,activities/8780730360.gpx,141,
8774342676,Mar 25 2023 11:54:26 AM,Morning Run,3867,9.1,157,activities/8774342676.gpx,138,
8768919788,Mar 24 2023 11:56:23 AM,Morning Run,2964,7.24,132,activities/8768919788.gpx,139,
8763429756,Mar 23 2023 11:34:30 AM,Morning Run,2963,7.26,120,activities/8763429756.gpx,138,
8754599585,Mar 21 2023 7:56:24 PM,Afternoon Run,3149,7.31,114,activities/8754599585.gpx,136,
8743728710,Mar 19 2023 7:49:26 PM,Afternoon Run,3160,7.29,109,activities/8743728710.gpx,135,
8734763799,Mar 18 2023 11:54:09 AM,Morning Run,4578,10.28,171,activities/8734763799.gpx,136,
8729177185,Mar 17 2023 12:00:49 PM,Morning Run,3163,7.26,106,activities/8729177185.gpx,134,
8724037332,Mar 16 2023 1:01:56 PM,Morning Run,3148,7.27,111,activities/8724037332.gpx,135,
8720775136,Mar 15 2023 8:15:29 PM,Afternoon Run,3104,7.27,112,activities/8720775136.gpx,136,
8702550441,Mar 12 2023 12:51:43 PM,Morning Run,4419,10.33,201,activities/8702550441.gpx,140,
8698550062,Mar 11 2023 8:23:14 PM,Afternoon Run,3147,7.28,,activities/8698550062.gpx,,
8690954087,Mar 10 2023 12:55:52 PM,Morning Run,3031,7.25,127,activities/8690954087.gpx,139,
8685791322,Mar 9 2023 12:19:25 PM,Morning Run,2907,7.23,143,activities/8685791322.gpx,142,
8677508395,Mar 7 2023 8:13:44 PM,Afternoon Run,3037,7.26,154,activities/8677508395.gpx,147,
8664647915,Mar 5 2023 1:00:26 PM,Morning Run,4562,11.05,219,activities/8664647915.gpx,142,
8652613164,Mar 3 2023 12:49:00 PM,Morning Run,2828,7.26,154,activities/8652613164.gpx,146,
8647781846,Mar 2 2023 2:42:11 PM,Morning Run,2871,7.26,150,activities/8647781846.gpx,144,
8633124052,Feb 27 2023 9:28:20 PM,Afternoon Run,3005,7.3,119,activities/8633124052.gpx,137,
8625839587,Feb 26 2023 1:04:20 PM,Morning Run,4071,10.2,212,activities/8625839587.gpx,144,
8619782671,Feb 25 2023 1:07:35 PM,Morning Run,2922,7.24,116,activities/8619782671.gpx,137,
8614340640,Feb 24 2023 12:42:38 PM,Morning Run,2982,7.22,117,activities/8614340640.gpx,137,
8611619703,Feb 23 2023 9:07:55 PM,Afternoon Run,2635,4.59,144,activities/8611619703.gpx,151,
8595168052,Feb 20 2023 8:57:20 PM,Afternoon Run,3154,7.21,120,activities/8595168052.gpx,137,
8587701710,Feb 19 2023 1:20:40 PM,Morning Run,4471,10.21,161,activities/8587701710.gpx,136,
8581430883,Feb 18 2023 1:09:12 PM,Morning Run,3061,7.2,107,activities/8581430883.gpx,135,
8576059701,Feb 17 2023 12:59:13 PM,Morning Run,3120,7.22,103,activities/8576059701.gpx,134,
8570905332,Feb 16 2023 12:56:38 PM,Morning Run,3067,7.21,112,activities/8570905332.gpx,136,
8562289276,Feb 14 2023 9:09:38 PM,Afternoon Run,3285,7.25,110,activities/8562289276.gpx,134,
8548933456,Feb 12 2023 1:02:23 PM,Morning Run,3143,7.19,17,activities/8548933456.gpx,133,
8542867880,Feb 11 2023 1:21:04 PM,Morning Run,3180,7.15,18,activities/8542867880.gpx,134,
8537126819,Feb 10 2023 12:55:41 PM,Morning Run,2016,4.56,8,activities/8537126819.gpx,129,
8534263522,Feb 9 2023 8:53:04 PM,Afternoon Run,2086,4.59,102,activities/8534263522.gpx,171,
8523108174,Feb 7 2023 8:42:02 PM,Afternoon Run,2493,7.26,109,activities/8523108174.gpx,168,
8509807846,Feb 5 2023 1:04:34 PM,Morning Run,3778,10.24,173,activities/8509807846.gpx,168,
8495297498,Feb 2 2023 8:59:44 PM,Afternoon Run,2465,7.29,,activities/8495297498.gpx,,
8484493198,Jan 31 2023 9:16:55 PM,Afternoon Run,2469,7.23,,activities/8484493198.gpx,,
8471478317,Jan 29 2023 1:09:10 PM,Morning Run,2605,7.32,,activities/8471478317.gpx,,
8465448449,Jan 28 2023 1:13:53 PM,Morning Run,2540,7.28,,activities/8465448449.gpx,,
8460009818,Jan 27 2023 1:06:30 PM,Morning Run,1551,4.62,,activities/8460009818.gpx,,
8457087738,Jan 26 2023 8:27:42 PM,Afternoon Run,2550,7.26,,activities/8457087738.gpx,,
8446427742,Jan 24 2023 8:39:55 PM,Afternoon Run,2519,7.28,,activities/8446427742.gpx,,
8436126421,Jan 22 2023 9:20:17 PM,Afternoon Run,1793,4.57,,activities/8436126421.gpx,,
8427781277,Jan 21 2023 1:15:57 PM,Morning Run,2669,7.23,,activities/8427781277.gpx,,
8422438565,Jan 20 2023 1:16:53 PM,Morning Run,2553,7.24,,activities/8422438565.gpx,,
8408770904,Jan 17 2023 8:48:20 PM,Afternoon Run,1661,4.56,,activities/8408770904.gpx,,
8396197245,Jan 15 2023 1:25:59 PM,Morning Run,1807,4.54,,activities/8396197245.gpx,,
8390419492,Jan 14 2023 1:25:03 PM,Morning Run,2702,7.27,,activities/8390419492.gpx,,
8386915089,Jan 13 2023 8:40:30 PM,Afternoon Run,1695,4.57,,activities/8386915089.gpx,,
8371166801,Jan 10 2023 8:25:47 PM,Afternoon Run,1773,4.57,,activities/8371166801.gpx,,
8358482089,Jan 8 2023 12:59:49 PM,Morning Run,3021,7.5,,activities/8358482089.gpx,,
8352536584,Jan 7 2023 12:57:36 PM,Morning Run,2963,7.28,,activities/8352536584.gpx,,
8341977876,Jan 5 2023 12:57:08 PM,Morning Run,2850,7.15,,activities/8341977876.gpx,,
8336479068,Jan 4 2023 12:47:25 PM,Morning Run,1822,4.59,,activities/8336479068.gpx,,
8325613769,Jan 2 2023 1:13:29 PM,Morning Run,2977,7.21,,activities/8325613769.gpx,,
8320735604,Jan 1 2023 1:05:20 PM,Morning Run,2969,7.18,,activities/8320735604.gpx,,
1,Feb 8 2022 04:15:00 PM,Morning Run,,4.51,,,,1
2,May 19 2022 08:16:00 AM,"Vancouver, Canada",,12.63,,,,1
3,May 30 2022 10:57:00 AM,"Anchorage, Alaska",,6.28,,,,1
4,Nov 17 2022 06:59:00 AM,"Bar Harbor, ME",,4.84,,,,1
5,Nov 29 2022 09:20:00 AM,"Las Vegas, NV",,3.23,,,,1
6,Sep 26 2022 04:53:00 PM,"Massanutten, VA",,4.81,,,,1
